"ID_LOC";"COD_LOC";"NOMB_LOC";"NOMB_LOC_COM";"TIP_LOC";"FECH_LOC";"M2_TOT_LOC";"ID_COM";"DIR_LOC";"ID_CONTR";"FCH_INSERT";"CANAL";"ID_GEO";"INDICADOR_EMPRESA"
92;100;INDEFINIDO;MUSIMUNDO;L;;;80;;2022012603100028141;2022-01-26 20:14:55.000;OTRO;20;O
93;110;INDEFINIDO;TECNICENTRO SIERRA;L;;;80;;2022012603100028141;2022-01-26 20:14:55.000;OTRO;20;O
94;115;INDEFINIDO;CONSTRUMART;L;;;80;;2022012603100028141;2022-01-26 20:14:55.000;OTRO;20;O
95;120;INDEFINIDO;BATA;L;;;80;;2022012603100028141;2022-01-26 20:14:55.000;OTRO;20;O
96;125;INDEFINIDO;SPARTA;L;;;80;;2022012603100028141;2022-01-26 20:14:55.000;OTRO;20;O
97;130;SOCIEDAD EDITORA MAN;LIBRERIAS MANANTIAL;L;;;80;;2022012603100028141;2022-01-26 20:14:55.000;OTRO;20;O
98;135;INDEFINIDO;RIBEIRO S.A.;L;;;74;;2022012603100028141;2022-01-26 20:14:55.000;OTRO;52;O
99;140;MONSERRAT;MONSERRAT;L;;;36;;2022012603100028141;2022-01-26 20:14:55.000;OTRO;27;O
100;145;MINIMERCADOS S.A.;MINIMERCADOS S.A.;L;;;46;;2022012603100028141;2022-01-26 20:14:55.000;OTRO;33;O
101;150;CONSTRUMART;CONSTRUMART;L;;;25;;2022012603100028141;2022-01-26 20:14:55.000;OTRO;21;O
102;160;INDEFINIDO;ECONOMAX;L;;;80;;2022012603100028141;2022-01-26 20:14:55.000;OTRO;20;O
103;165;FORUS S.A.;FORUS S.A.;L;;;20;;2022012603100028141;2022-01-26 20:14:55.000;OTRO;0;O
104;170;PRE-UNIC;PRE-UNIC;L;;;80;;2022012603100028141;2022-01-26 20:14:55.000;OTRO;20;O
105;180;INDEFINIDO;SU MUSICA;L;;;20;;2022012603100028141;2022-01-26 20:14:55.000;OTRO;0;O
106;190;INDEFINIDO;TECNICENTRO SIERRA;L;;;36;;2022012603100028141;2022-01-26 20:14:55.000;OTRO;27;O
107;200;INDEFINIDO;HIPER INDEPENDENCIA;L;;;157;;2022012603100028141;2022-01-26 20:14:55.000;OTRO;182;O
108;205;BELSPORT S.A.;BELSPORT S.A.;L;;;46;;2022012603100028141;2022-01-26 20:14:55.000;OTRO;33;O
109;209;PATUELLI;PATUELLI;L;;;36;;2022012603100028141;2022-01-26 20:14:55.000;OTRO;27;O
110;210;PATUELLI Y CIA. LTDA;PATUELLI Y CIA. LTDA;L;;;80;;2022012603100028141;2022-01-26 20:14:55.000;OTRO;20;O
111;211;BANDERA AZUL;BANDERA AZUL;L;;;80;;2022012603100028141;2022-01-26 20:14:55.000;OTRO;20;O
112;777;INDEFINIDO;PRUEBAS ADEXUS;L;;;80;;2022012603100028141;2022-01-26 20:14:55.000;OTRO;20;O
113;998;INDEFINIDO;SERVIPAG;L;;;20;;2022012603100028141;2022-01-26 20:14:55.000;OTRO;0;O
114;999;INDEFINIDO;BCI;L;;;20;;2022012603100028141;2022-01-26 20:14:55.000;COMERCIO;0;O
115;155;ARTICULOS DE GUAGUAS;CASA DE LAS GUAGUAS;L;;;74;;2022012603100028141;2022-01-26 20:14:55.000;OTRO;52;O
116;220;SUPERMER. MONTECARLO;MONTECARLO;L;;;75;;2022012603100028141;2022-01-26 20:14:55.000;OTRO;44;O
117;175;AGENCIA DE VIAJES;MERCURY;L;;;80;;2022012603100028141;2022-01-26 20:14:55.000;OTRO;20;O
118;185;SUPERMERCADO;CUGAT LTDA;L;;;157;;2022012603100028141;2022-01-26 20:14:55.000;OTRO;182;O
119;195;OPTICAS;SCHILLING;L;;;80;;2022012603100028141;2022-01-26 20:14:55.000;OTRO;20;O
120;215;VENTA DE CALZADO;COMERCIAL CORDOVA;L;;;80;;2022012603100028141;2022-01-26 20:14:55.000;OTRO;20;O
121;216;VENTA DE CALZADO;CIRILO CORDOVA;L;;;80;;2022012603100028141;2022-01-26 20:14:55.000;OTRO;20;O
122;214;SOCIEDAD DISTRIBUIDO;VERONICA CALZADOS;L;;;80;;2022012603100028141;2022-01-26 20:14:55.000;OTRO;20;O
123;217;VENTA DE CALZADOS;BEBA 1 CALZADOS;L;;;80;;2022012603100028141;2022-01-26 20:14:55.000;OTRO;20;O
124;218;EDUARDO BARRANCO;BEBA CALZADOS;L;;;80;;2022012603100028141;2022-01-26 20:14:55.000;OTRO;20;O
125;219;ROSITA GARCIA;BEBA CALZADOS;L;;;80;;2022012603100028141;2022-01-26 20:14:55.000;OTRO;20;O
126;230;SERVICIOS DE TELEFON;RED FACIL S.A.;L;;;71;;2022012603100028141;2022-01-26 20:14:55.000;OTRO;42;O
127;194;GMO;OPTICAS GMO;L;;;93;;2022012603100028141;2022-01-26 20:14:55.000;OTRO;51;O
128;206;COMERCIO DE JUGUETES;ROCHET S.A.;L;;;46;;2022012603100028141;2022-01-26 20:14:55.000;OTRO;33;O
129;212;ZAPATERIA Y ARTCULOS;ANSONIA RANCAGUA;L;;;157;;2022012603100028141;2022-01-26 20:14:55.000;OTRO;182;O
130;213;ZAPATERIA Y ARTCULOS;ANSONIA;L;;;80;;2022012603100028141;2022-01-26 20:14:55.000;OTRO;20;O
131;207;JUGUETES Y REGAlLOS;KINDERTOYS;L;;;39;;2022012603100028141;2022-01-26 20:14:55.000;OTRO;29;O
132;202;COMERCIALIZA CALZADO;SCARLA 3;L;;;34;;2022012603100028141;2022-01-26 20:14:55.000;OTRO;25;O
133;203;COMERCIALIZA CALZADO;SCARLA 2;L;;;34;;2022012603100028141;2022-01-26 20:14:55.000;OTRO;25;O
134;204;COMERCIALIZA CALZADO;SCARLA;L;;;34;;2022012603100028141;2022-01-26 20:14:55.000;OTRO;25;O
135;21;BE PUERTO MONTT;BE PUERTO MONTT;B;;;238;;2022090203150827082;2022-09-02 04:59:21.000;TIENDA;314;H
136;171;FARMACIA;FARMACIA ANICH;L;;;157;;2022012603100028141;2022-01-26 20:14:55.000;OTRO;182;O
137;201;CALZADOS GARCIA S.A.;CAPELLINI;L;;;80;;2022012603100028141;2022-01-26 20:14:55.000;OTRO;20;O
138;221;ART. DE COMPUTACION;REFLY;L;;;80;;2022012603100028141;2022-01-26 20:14:55.000;OTRO;20;O
139;222;ART. DE COMPUTACION;REFLY 2;L;;;80;;2022012603100028141;2022-01-26 20:14:55.000;OTRO;20;O
140;172;FARMACIAS;BELEN FARMACIAS;L;;;36;;2022012603100028141;2022-01-26 20:14:55.000;OTRO;27;O
141;208;COMERCIALIZADORA;SHOES&PIEL;L;;;80;;2022012603100028141;2022-01-26 20:14:55.000;OTRO;20;O
142;141;SUPERMERCADO;SAN FRANCISCO;L;;;32;;2022012603100028141;2022-01-26 20:14:55.000;OTRO;83;O
143;142;SUPERMERCADO;SAN FRANCISCO 2;L;;;23;;2022012603100028141;2022-01-26 20:14:55.000;OTRO;60;O
144;146;SUPERMERCADO;PANOTECA;L;;;73;;2022012603100028141;2022-01-26 20:14:55.000;OTRO;43;O
145;147;SUPERMERCADO;PANOTECA 2;L;;;64;;2022012603100028141;2022-01-26 20:14:55.000;OTRO;40;O
146;148;SUPERMERCADO;PANOTECA 3;L;;;49;;2022012603100028141;2022-01-26 20:14:55.000;OTRO;35;O
147;191;PELUQUERIA;INTER SALON;L;;;80;;2022012603100028141;2022-01-26 20:14:55.000;OTRO;20;O
148;196;CALZADOS;SHOES&SHOES;L;;;80;;2022012603100028141;2022-01-26 20:14:55.000;OTRO;20;O
149;197;COMERC. ROPA DE CAMA;COLUMBIA;L;;;80;;2022012603100028141;2022-01-26 20:14:55.000;OTRO;20;O
150;198;COMERC. DE CALZADOS;FRANCANO SHOES LTDA;L;;;80;;2022012603100028141;2022-01-26 20:14:55.000;OTRO;20;O
151;199;COMERC. DE CALZADOS;ELIZABETH COMERCIAL;L;;;80;;2022012603100028141;2022-01-26 20:14:55.000;OTRO;20;O
152;98;PAGOS DE PROVINCIA;INDEFINIDO;L;;;20;;2022012603100028141;2022-01-26 20:14:55.000;TIENDA;0;O
153;126;SOCIEDAD COMERCIAL;LOS ALPES;L;;;80;;2022012603100028141;2022-01-26 20:14:55.000;OTRO;20;O
154;127;SOC.COMERCIAL LOS AL;LOS ALPES 2;L;;;80;;2022012603100028141;2022-01-26 20:14:55.000;OTRO;20;O
155;128;LIBRERIA Y JUGUETERI;DIMEIGGS;L;;;80;;2022012603100028141;2022-01-26 20:14:55.000;OTRO;20;O
156;129;COMERCIAL DE DISCOS;TODO MUSICA;L;;;80;;2022012603100028141;2022-01-26 20:14:55.000;OTRO;20;O
157;192;CALZADOS GUANTE;GUANTE;L;;;86;;2022012603100028141;2022-01-26 20:14:55.000;OTRO;49;O
158;131;FERRETERIA;RAVERA;L;;;86;;2022012603100028141;2022-01-26 20:14:55.000;OTRO;49;O
159;132;CALZADOS;VIA UNO;L;;;80;;2022012603100028141;2022-01-26 20:14:55.000;OTRO;20;O
160;133;CALZADOS;PAYLESS;L;;;46;;2022012603100028141;2022-01-26 20:14:55.000;OTRO;33;O
161;134;CALZADOS;POLLINI;L;;;80;;2022012603100028141;2022-01-26 20:14:55.000;OTRO;20;O
162;136;CALZADOS;MINGO;L;;;60;;2022012603100028141;2022-01-26 20:14:55.000;OTRO;39;O
163;169;FARMACIA;GALENICA;L;;;71;;2022012603100028141;2022-01-26 20:14:55.000;OTRO;42;O
164;173;FARMACIA;GALENICA;L;;;71;;2022012603100028141;2022-01-26 20:14:55.000;OTRO;42;O
165;174;FARMACIA;GALENICA;L;;;71;;2022012603100028141;2022-01-26 20:14:55.000;OTRO;42;O
166;18;OVALLE;OVALLE;L;;;228;;2022012603100028141;2022-01-26 20:14:55.000;TIENDA;129;H
167;137;MARROQUINERIA;SAXOLINE;L;;;75;;2022012603100028141;2022-01-26 20:14:55.000;OTRO;44;O
168;231;FARMACIA;FARMAX;L;;;40;;2022012603100028141;2022-01-26 20:14:55.000;OTRO;30;O
169;232;FARMACIA;FARMAX;L;;;80;;2022012603100028141;2022-01-26 20:14:55.000;OTRO;20;O
170;233;FARMACIA;FARMAX;L;;;77;;2022012603100028141;2022-01-26 20:14:55.000;OTRO;46;O
171;234;FARMACIA;FARMAX;L;;;29;;2022012603100028141;2022-01-26 20:14:55.000;OTRO;23;O
172;235;FARMACIA;FARMAX;L;;;65;;2022012603100028141;2022-01-26 20:14:55.000;OTRO;86;O
173;236;FARMACIA;FARMAX;L;;;39;;2022012603100028141;2022-01-26 20:14:55.000;OTRO;29;O
174;237;FARMACIA;FARMAX;L;;;26;;2022012603100028141;2022-01-26 20:14:55.000;OTRO;22;O
175;238;FARMACIA;FARMAX;L;;;65;;2022012603100028141;2022-01-26 20:14:55.000;OTRO;86;O
176;239;FARMACIA;FARMAX;L;;;75;;2022012603100028141;2022-01-26 20:14:55.000;OTRO;44;O
177;240;FARMACIA;FARMAX;L;;;46;;2022012603100028141;2022-01-26 20:14:55.000;OTRO;33;O
178;138;BAZAR Y LIBRERIA;MIGUEL ANICH;L;;;157;;2022012603100028141;2022-01-26 20:14:55.000;OTRO;182;O
179;139;CATRES Y LITRERAS;INCAL;L;;;51;;2022012603100028141;2022-01-26 20:14:55.000;OTRO;37;O
180;7;VICUÑA MACKENNA;VICUÑA MACKENNA;L;;;80;;2022012603100028141;2022-01-26 20:14:55.000;TIENDA;20;H
181;149;SUPERMERCADO;SUPER ANICH;L;;;157;;2022012603100028141;2022-01-26 20:14:55.000;OTRO;182;O
182;156;ROPA;PARADA 111;L;;;80;;2022012603100028141;2022-01-26 20:14:55.000;OTRO;20;O
183;151;CALZADO;GOLF;L;;;80;;2022012603100028141;2022-01-26 20:14:55.000;OTRO;20;O
184;152;CALZADO;GOLF;L;;;80;;2022012603100028141;2022-01-26 20:14:55.000;OTRO;20;O
185;153;CALZADO;GOLF;L;;;36;;2022012603100028141;2022-01-26 20:14:55.000;OTRO;27;O
186;33;REMATE TIENDAS;REMATE TIENDAS;B;;;75;;2022012603100028141;2022-01-26 20:14:55.000;OTRO;44;H
187;143;POLONI;POLONI;L;;;20;;2022012603100028141;2022-01-26 20:14:55.000;OTRO;0;O
188;144;ESPOZ;ESPOZ;L;;;20;;2022012603100028141;2022-01-26 20:14:55.000;OTRO;0;O
189;159;UNIMARC;UNIMARC;L;;;20;;2022012603100028141;2022-01-26 20:14:55.000;OTRO;0;O
190;161;AZALEIA;AZALEIA;L;;;20;;2022012603100028141;2022-01-26 20:14:55.000;OTRO;0;O
191;162;AZALEIA2(SCARPA);AZALEIA2(SCARPA);L;;;20;;2022012603100028141;2022-01-26 20:14:55.000;OTRO;0;O
192;163;FASHIONS PARK;FASHIONS PARK;L;;;20;;2022012603100028141;2022-01-26 20:14:55.000;OTRO;0;O
193;81;VENTA EMPRESAS;VENTA EMPRESAS;L;;;73;;2022012603100028141;2022-01-26 20:14:55.000;TIENDA;43;H
194;154;ROPA INTERIOR;COTYS;L;;;60;;2022012603100028141;2022-01-26 20:14:55.000;OTRO;39;O
195;157;PERFUMERIA;PRECIO FIJO;L;;;80;;2022012603100028141;2022-01-26 20:14:55.000;OTRO;20;O
196;158;VESTUARIO;HIGH CLASS;L;;;77;;2022012603100028141;2022-01-26 20:14:55.000;OTRO;46;O
197;164;VESTUARIO;PEROE;L;;;80;;2022012603100028141;2022-01-26 20:14:55.000;OTRO;20;O
198;166;CONSTRUCCIÓN;MTS;L;;;29;;2022012603100028141;2022-01-26 20:14:55.000;OTRO;23;O
199;193;CALZADO;CARDINALE;L;;;80;;2022012603100028141;2022-01-26 20:14:55.000;OTRO;20;O
200;176;COMERCIALIZADORA DE;MUEBLES HOGAR CIC;L;;;51;;2022012603100028141;2022-01-26 20:14:55.000;OTRO;37;O
201;177;COMERCIALIZADORA DE;JARMAN;L;;;71;;2022012603100028141;2022-01-26 20:14:55.000;OTRO;42;O
202;178;AGENCIA DE TURISMO;COCHA;L;;;80;;2022012603100028141;2022-01-26 20:14:55.000;OTRO;20;O
203;167;COMERCIALIZA DE ROPA;WRANGLER-LEE;L;;;75;;2022012603100028141;2022-01-26 20:14:55.000;OTRO;44;O
204;168;SERVICIOS ODONTOLOGI;MEGADENT;L;;;86;;2022012603100028141;2022-01-26 20:14:55.000;OTRO;49;O
205;241;FARMACIA;FARMAX 11;L;;;64;;2022012603100028141;2022-01-26 20:14:55.000;OTRO;40;O
206;0;INDEFINIDO;INDEFINIDO;L;;;20;;2022012603100028141;2022-01-26 20:14:55.000;OTRO;0;O
207;179;ROPA Y ARTIC. DEPORT;FILA;L;;;80;;2022012603100028141;2022-01-26 20:14:55.000;OTRO;20;O
208;181;FERRETRIAS;FERRETRIA RAVERA;L;;;38;;2022012603100028141;2022-01-26 20:14:55.000;OTRO;28;O
209;182;SUPERMERCADOS;LA ESTRELLA;L;;;23;;2022012603100028141;2022-01-26 20:14:55.000;OTRO;60;O
210;184;COM. VTA. DE CALZADO;PABLO Y ALEJANDRO;L;;;82;;2022012603100028141;2022-01-26 20:14:55.000;OTRO;59;O
211;186;CALZADO;POEME;L;;;31;;2022012603100028141;2022-01-26 20:14:55.000;OTRO;24;O
212;187;LIBRERIAS;COLON;L;;;80;;2022012603100028141;2022-01-26 20:14:55.000;OTRO;20;O
213;188;COMERCIALIZADORA;MAICAO;L;;;80;;2022012603100028141;2022-01-26 20:14:55.000;OTRO;20;O
214;244;SUPERMERCADOS;PUERTO CRISTO 1;L;;;30;;2022012603100028141;2022-01-26 20:14:55.000;OTRO;66;O
215;245;SUPERMERCADOS;PUERTO CRISTO 2;L;;;80;;2022012603100028141;2022-01-26 20:14:55.000;OTRO;20;O
216;246;SUPERMERCADOS;PUERTO CRISTO 3;L;;;82;;2022012603100028141;2022-01-26 20:14:55.000;OTRO;59;O
217;247;SUPERMERCADOS;PUERTO CRISTO 4;L;;;50;;2022012603100028141;2022-01-26 20:14:55.000;OTRO;36;O
218;224;CALZADOS;ANDATA;L;;;80;;2022012603100028141;2022-01-26 20:14:55.000;OTRO;20;O
219;242;COMPUTACION;COMPU OESTE;L;;;80;;2022012603100028141;2022-01-26 20:14:55.000;OTRO;20;O
220;250;RESTAURANT;LOMITON 1;L;;;160;;2022012603100028141;2022-01-26 20:14:55.000;OTRO;206;O
221;251;RESTAURANT;LOMITON 2;L;;;80;;2022012603100028141;2022-01-26 20:14:55.000;OTRO;20;O
222;253;RESTAURANT;LOMITON 3;L;;;56;;2022012603100028141;2022-01-26 20:14:55.000;OTRO;64;O
223;820;SERVICIOS TECNOLOGIC;ITELCOM S.A.;L;;;71;;2022012603100028141;2022-01-26 20:14:55.000;OTRO;42;O
224;248;CALZADO;MUÑOZ Y COMPAÑIA;L;;;80;;2022012603100028141;2022-01-26 20:14:55.000;OTRO;20;O
225;249;CALZADO;VERYCAL;L;;;80;;2022012603100028141;2022-01-26 20:14:55.000;OTRO;20;O
226;254;SUPERMERCADOS;ALVI;L;;;83;;2022012603100028141;2022-01-26 20:14:55.000;OTRO;48;O
227;700;AMBIENTE PRUEBA BATA;BATA - PRUEBA;L;;;80;;2022012603100028141;2022-01-26 20:14:55.000;OTRO;20;O
228;600;OF. DAT-TRONCOSO;ABOGADO NORMAL;L;;;80;;2022012603100028141;2022-01-26 20:14:55.000;OTRO;20;O
229;601;OF. REMESA;ABOGADO NORMAL;L;;;80;;2022012603100028141;2022-01-26 20:14:55.000;OTRO;20;O
230;609;OF. COBRAEX;ABOGADO NORMAL;L;;;80;;2022012603100028141;2022-01-26 20:14:55.000;OTRO;20;O
231;633;OF. FULL CASCH LDTA;ABOGADO NORMAL;L;;;80;;2022012603100028141;2022-01-26 20:14:55.000;OTRO;20;O
232;702;OF. SAC. LDTA;ABOAGDO INCOBRABLE;L;;;80;;2022012603100028141;2022-01-26 20:14:55.000;OTRO;20;O
233;709;OF. COBRAEX-INCOBRAB;ABOGADO INCOBRABLE;L;;;80;;2022012603100028141;2022-01-26 20:14:55.000;OTRO;20;O
234;710;OF. SICC-INCOBRABLE;ABOGADO INCOBRABLE;L;;;80;;2022012603100028141;2022-01-26 20:14:55.000;OTRO;20;O
235;711;OF. SOEX INCOBRABLE;ABOGADO INCOBREBLE;L;;;80;;2022012603100028141;2022-01-26 20:14:55.000;OTRO;20;O
236;712;OF. DIAZ Y AASO. INC;ABOGADO INCOBREBLE;L;;;80;;2022012603100028141;2022-01-26 20:14:55.000;OTRO;20;O
237;714;OF. G.C.S INCOBREBLE;ABOAGDO INCOBREBLE;L;;;80;;2022012603100028141;2022-01-26 20:14:55.000;OTRO;20;O
238;256;OPTICAS;OPTI-LUX LTDA;L;;;80;;2022012603100028141;2022-01-26 20:14:55.000;OTRO;20;O
239;257;OPTICAS;SANTA VICTORIA;L;;;80;;2022012603100028141;2022-01-26 20:14:55.000;OTRO;20;O
240;258;CALZADO;POEME 2;L;;;53;;2022012603100028141;2022-01-26 20:14:55.000;OTRO;38;O
241;183;DISQUERIA;SU MUSICA;L;;;80;;2022012603100028141;2022-01-26 20:14:55.000;OTRO;20;O
242;264;LABORATORIO FOTOGRAF;REISCHNEIDER;L;;;80;;2022012603100028141;2022-01-26 20:14:55.000;OTRO;20;O
243;265;CONFECCIONES;MATTHEW;L;;;80;;2022012603100028141;2022-01-26 20:14:55.000;OTRO;20;O
244;266;OPTICA;OPTICAS BASIC;L;;;80;;2022012603100028141;2022-01-26 20:14:55.000;OTRO;20;O
245;267;CALZADO;FERRACINI;L;;;80;;2022012603100028141;2022-01-26 20:14:55.000;OTRO;20;O
246;268;CALZADO;EL PUEBLO 1;L;;;86;;2022012603100028141;2022-01-26 20:14:55.000;OTRO;49;O
247;269;CALZADO;EL PUEBLO 2;L;;;86;;2022012603100028141;2022-01-26 20:14:55.000;OTRO;49;O
248;270;CALZADO;EL PUEBLO 3;L;;;86;;2022012603100028141;2022-01-26 20:14:55.000;OTRO;49;O
249;271;CALZADO;EL PUEBLO 4;L;;;86;;2022012603100028141;2022-01-26 20:14:55.000;OTRO;49;O
250;272;PAGO DE CUENTAS;SENCILLITO;L;;;35;;2022012603100028141;2022-01-26 20:14:55.000;COMERCIO;26;O
251;259;SUPERMERCADO;CONDELL COMERCIAL;L;;;157;;2022012603100028141;2022-01-26 20:14:55.000;OTRO;182;O
252;260;CALZADO;HER-CAL;L;;;157;;2022012603100028141;2022-01-26 20:14:55.000;OTRO;182;O
253;261;OPTICA;MONEDA ROTTER;L;;;80;;2022012603100028141;2022-01-26 20:14:55.000;OTRO;20;O
254;262;OPTICA;STA. MARIA;L;;;80;;2022012603100028141;2022-01-26 20:14:55.000;OTRO;20;O
255;263;CARNICERIA;SABROCARNE;L;;;80;;2022012603100028141;2022-01-26 20:14:55.000;OTRO;20;O
256;273;ARTICULOS COMPUTAC.;COMPUMANQUE;L;;;46;;2022012603100028141;2022-01-26 20:14:55.000;OTRO;33;O
257;274;FANTASIAS FINAS;BB Y B - FANTY;L;;;80;;2022012603100028141;2022-01-26 20:14:55.000;OTRO;20;O
258;275;CALZADOS Y VESTUARIO;GOTTA;L;;;77;;2022012603100028141;2022-01-26 20:14:55.000;OTRO;46;O
259;276;COMPUTACION;WEI;L;;;60;;2022012603100028141;2022-01-26 20:14:55.000;OTRO;39;O
260;277;VESTUARIO;BEST WEST;L;;;80;;2022012603100028141;2022-01-26 20:14:55.000;OTRO;20;O
261;82;INTERAMERICANA;INTERAMERICANA-EXT.G;L;;;80;;2022012603100028141;2022-01-26 20:14:55.000;TIENDA;20;O
262;278;CALZADO;CRISTIAN MORAN 1;L;;;46;;2022012603100028141;2022-01-26 20:14:55.000;OTRO;33;O
263;279;CALZADO;CRISTIAN MORAN 2;L;;;71;;2022012603100028141;2022-01-26 20:14:55.000;OTRO;42;O
264;280;FARMACIAS;PET HAPPY;L;;;66;;2022012603100028141;2022-01-26 20:14:55.000;OTRO;41;O
265;17;BE LA SERENA;BE LA SERENA;B;;;204;;2022090203150827082;2022-09-02 04:59:21.000;TIENDA;115;H
266;281;ARTICULOS DE REGALO;VILLAGE;L;;;80;;2022012603100028141;2022-01-26 20:14:55.000;OTRO;20;O
267;282;CARNICERIA;HESS;L;;;80;;2022012603100028141;2022-01-26 20:14:55.000;OTRO;20;O
268;447;Gen.Aut.:05/10/07;OPTICA SAN MARTIN;L;;;169;;2022012603100028141;2022-01-26 20:14:55.000;OTRO;246;O
269;448;Gen.Aut.:05/10/07;APPALUZA PARA2'S CAP;L;;;169;;2022012603100028141;2022-01-26 20:14:55.000;OTRO;246;O
270;449;Gen.Aut.:05/10/07;CALZADOS CORAL;L;;;189;;2022012603100028141;2022-01-26 20:14:55.000;OTRO;255;O
271;450;Gen.Aut.:05/10/07;PLASTICOS SHYF;L;;;197;;2022012603100028141;2022-01-26 20:14:55.000;OTRO;280;O
272;451;Gen.Aut.:05/10/07;ORTOPEDIA SUIZA;L;;;80;;2022012603100028141;2022-01-26 20:14:55.000;OTRO;20;O
273;452;Gen.Aut.:05/10/07;MUNDO HOGAR,YARUR;L;;;189;;2022012603100028141;2022-01-26 20:14:55.000;OTRO;255;O
274;453;Gen.Aut.:05/10/07;VERSLUYS 1;L;;;169;;2022012603100028141;2022-01-26 20:14:55.000;OTRO;246;O
275;454;Gen.Aut.:05/10/07;DON GUILLE;L;;;197;;2022012603100028141;2022-01-26 20:14:55.000;OTRO;280;O
276;455;Gen.Aut.:05/10/07;ISWITCH(OTROS COM);L;;;71;;2022012603100028141;2022-01-26 20:14:55.000;OTRO;42;O
277;456;Gen.Aut.:05/10/07;ISWITCH(OTROS COM);L;;;71;;2022012603100028141;2022-01-26 20:14:55.000;OTRO;42;O
278;457;Gen.Aut.:05/10/07;DISTRIB ROTE ROSE;L;;;169;;2022012603100028141;2022-01-26 20:14:55.000;OTRO;246;O
279;458;Gen.Aut.:05/10/07;OUTLET DEL DEPORTE;L;;;80;;2022012603100028141;2022-01-26 20:14:55.000;OTRO;20;O
280;459;Gen.Aut.:05/10/07;LA BODEGA JEANS;L;;;169;;2022012603100028141;2022-01-26 20:14:55.000;OTRO;246;O
281;460;Gen.Aut.:05/10/07;VERSLUYS 2;L;;;169;;2022012603100028141;2022-01-26 20:14:55.000;OTRO;246;O
282;461;Gen.Aut.:05/10/07;CENTROPTICO;L;;;197;;2022012603100028141;2022-01-26 20:14:55.000;OTRO;280;O
283;462;Gen.Aut.:05/10/07;HECTOR OLIVARES;L;;;227;;2022012603100028141;2022-01-26 20:14:55.000;OTRO;96;O
284;463;Gen.Aut.:05/10/07;CALZADOS PAOLA;L;;;227;;2022012603100028141;2022-01-26 20:14:55.000;OTRO;96;O
285;464;Gen.Aut.:05/10/07;ASE LTDA;L;;;80;;2022012603100028141;2022-01-26 20:14:55.000;OTRO;20;O
286;465;Gen.Aut.:05/10/07;ISWITCH(OTROS COME);L;;;71;;2022012603100028141;2022-01-26 20:14:55.000;OTRO;42;O
287;466;Gen.Aut.:05/10/07;ISWITCH(OTROS COM);L;;;71;;2022012603100028141;2022-01-26 20:14:55.000;OTRO;42;O
288;467;Gen.Aut.:05/10/07;ISWITCH(OTROS COM);L;;;71;;2022012603100028141;2022-01-26 20:14:55.000;OTRO;42;O
289;468;Gen.Aut.:05/10/07;LA BATALLA;L;;;169;;2022012603100028141;2022-01-26 20:14:55.000;OTRO;246;O
290;469;Gen.Aut.:05/10/07;LIBRERIA TEMUCO;L;;;197;;2022012603100028141;2022-01-26 20:14:55.000;OTRO;280;O
291;470;Gen.Aut.:05/10/07;EUROSPORT S.A.;L;;;189;;2022012603100028141;2022-01-26 20:14:55.000;OTRO;255;O
292;471;Gen.Aut.:05/10/07;GLOBAL BAZAAR;L;;;227;;2022012603100028141;2022-01-26 20:14:55.000;OTRO;96;O
293;472;Gen.Aut.:05/10/07;MAX VISION;L;;;80;;2022012603100028141;2022-01-26 20:14:55.000;OTRO;20;O
294;473;Gen.Aut.:05/10/07;ISWITCH(OTROS COM);L;;;71;;2022012603100028141;2022-01-26 20:14:55.000;OTRO;42;O
295;474;Gen.Aut.:10/10/07;ISWITCH(OTROS COM);L;;;71;;2022012603100028141;2022-01-26 20:14:55.000;OTRO;42;O
296;475;Gen.Aut.:12/10/07;MEDINA;L;;;82;;2022012603100028141;2022-01-26 20:14:55.000;OTRO;59;O
297;476;Gen.Aut.:12/10/07;TIENDA DE ELITE;L;;;80;;2022012603100028141;2022-01-26 20:14:55.000;OTRO;20;O
298;477;Gen.Aut.:13/10/07;DISTRIBUIDORA HENRY;L;;;190;;2022012603100028141;2022-01-26 20:14:55.000;OTRO;256;O
299;478;Gen.Aut.:13/10/07;ROTE ROSE 2;L;;;169;;2022012603100028141;2022-01-26 20:14:55.000;OTRO;246;O
300;479;Gen.Aut.:13/10/07;FRIMAC;L;;;197;;2022012603100028141;2022-01-26 20:14:55.000;OTRO;280;O
301;480;Gen.Aut.:13/10/07;ELEANE;L;;;325;;2022012603100028141;2022-01-26 20:14:55.000;OTRO;378;O
302;481;Gen.Aut.:13/10/07;CREACIONES JOSELYN;L;;;197;;2022012603100028141;2022-01-26 20:14:55.000;OTRO;280;O
303;482;Gen.Aut.:13/10/07;MC TALLER DE JOYERIA;L;;;197;;2022012603100028141;2022-01-26 20:14:55.000;OTRO;280;O
304;483;Gen.Aut.:13/10/07;EL JABALI PESCA Y CA;L;;;197;;2022012603100028141;2022-01-26 20:14:55.000;OTRO;280;O
305;484;Gen.Aut.:13/10/07;TENDENCY TAQUILLA;L;;;197;;2022012603100028141;2022-01-26 20:14:55.000;OTRO;280;O
306;485;Gen.Aut.:13/10/07;IMPORTADORA P&B;L;;;197;;2022012603100028141;2022-01-26 20:14:55.000;OTRO;280;O
307;486;Gen.Aut.:13/10/07;DECORENE;L;;;197;;2022012603100028141;2022-01-26 20:14:55.000;OTRO;280;O
308;487;Gen.Aut.:13/10/07;PLAY;L;;;227;;2022012603100028141;2022-01-26 20:14:55.000;OTRO;96;O
309;488;Gen.Aut.:23/10/07;EL GOLOSIN;L;;;197;;2022012603100028141;2022-01-26 20:14:55.000;OTRO;280;O
310;489;Gen.Aut.:23/10/07;TOSCANO Y LIBERTY;L;;;197;;2022012603100028141;2022-01-26 20:14:55.000;OTRO;280;O
311;490;Gen.Aut.:24/10/07;PIGAL;L;;;169;;2022012603100028141;2022-01-26 20:14:55.000;OTRO;246;O
312;491;Gen.Aut.:24/10/07;CHIQUITIN;L;;;169;;2022012603100028141;2022-01-26 20:14:55.000;OTRO;246;O
313;492;Gen.Aut.:24/10/07;ALBANO;L;;;169;;2022012603100028141;2022-01-26 20:14:55.000;OTRO;246;O
314;42;BODEGA TEMUCO;BODEGA TEMUCO;B;;;197;;2022012603100028141;2022-01-26 20:14:55.000;OTRO;280;H
315;493;Gen.Aut.:27/10/07;ISWITCH(OTROS COM);L;;;71;;2022012603100028141;2022-01-26 20:14:55.000;OTRO;42;O
316;494;Gen.Aut.:03/11/07;MOVISTAR;L;;;80;;2022012603100028141;2022-01-26 20:14:55.000;OTRO;20;O
317;495;Gen.Aut.:06/11/07;COMERCIAL CORDILLERA;L;;;197;;2022012603100028141;2022-01-26 20:14:55.000;OTRO;280;O
318;496;Gen.Aut.:06/11/07;DIE ALPEN ROSEN;L;;;197;;2022012603100028141;2022-01-26 20:14:55.000;OTRO;280;O
319;497;Gen.Aut.:06/11/07;LIBRERIA OLIVARES;L;;;197;;2022012603100028141;2022-01-26 20:14:55.000;OTRO;280;O
320;498;Gen.Aut.:06/11/07;VET PHARMA;L;;;197;;2022012603100028141;2022-01-26 20:14:55.000;OTRO;280;O
321;499;Gen.Aut.:06/11/07;COMERCIAL ECONOMARK;L;;;171;;2022012603100028141;2022-01-26 20:14:55.000;OTRO;247;O
322;500;Gen.Aut.:06/11/07;ECOMARK;L;;;171;;2022012603100028141;2022-01-26 20:14:55.000;OTRO;247;O
323;501;Gen.Aut.:14/11/07;KEYMARKET 3;L;;;165;;2022012603100028141;2022-01-26 20:14:55.000;OTRO;268;O
324;502;Gen.Aut.:14/11/07;KEYMARKET 4;L;;;169;;2022012603100028141;2022-01-26 20:14:55.000;OTRO;246;O
325;503;Gen.Aut.:14/11/07;KEYMARKET 5;L;;;164;;2022012603100028141;2022-01-26 20:14:55.000;OTRO;260;O
326;504;Gen.Aut.:14/11/07;KEYMARKET 6;L;;;186;;2022012603100028141;2022-01-26 20:14:55.000;OTRO;253;O
327;505;Gen.Aut.:14/11/07;KEYMARKET 7;L;;;325;;2022012603100028141;2022-01-26 20:14:55.000;OTRO;378;O
328;506;Gen.Aut.:14/11/07;KEYMARKET 8;L;;;190;;2022012603100028141;2022-01-26 20:14:55.000;OTRO;256;O
329;507;Gen.Aut.:14/11/07;KEYMARKET 9;L;;;166;;2022012603100028141;2022-01-26 20:14:55.000;OTRO;248;O
330;508;Gen.Aut.:14/11/07;KEYMARKET 10;L;;;167;;2022012603100028141;2022-01-26 20:14:55.000;OTRO;377;O
331;509;Gen.Aut.:14/11/07;KEYMARKET 11;L;;;339;;2022012603100028141;2022-01-26 20:14:55.000;OTRO;379;O
332;510;Gen.Aut.:14/11/07;KEYMARKET 12;L;;;331;;2022012603100028141;2022-01-26 20:14:55.000;OTRO;388;O
333;511;Gen.Aut.:14/11/07;KEYMARKET 13;L;;;332;;2022012603100028141;2022-01-26 20:14:55.000;OTRO;394;O
334;512;Gen.Aut.:14/11/07;KEYMARKET 14;L;;;169;;2022012603100028141;2022-01-26 20:14:55.000;OTRO;246;O
335;513;Gen.Aut.:14/11/07;KEYMARKET 15;L;;;171;;2022012603100028141;2022-01-26 20:14:55.000;OTRO;247;O
336;514;Gen.Aut.:14/11/07;KEYMARKET 16;L;;;172;;2022012603100028141;2022-01-26 20:14:55.000;OTRO;263;O
337;515;Gen.Aut.:14/11/07;KEYMARKET 17;L;;;171;;2022012603100028141;2022-01-26 20:14:55.000;OTRO;247;O
338;516;Gen.Aut.:14/11/07;KEYMARKET 18;L;;;129;;2022012603100028141;2022-01-26 20:14:55.000;OTRO;145;O
339;517;Gen.Aut.:14/11/07;KEYMARKET 19;L;;;189;;2022012603100028141;2022-01-26 20:14:55.000;OTRO;255;O
340;518;Gen.Aut.:14/11/07;KEYMARKET 20;L;;;175;;2022012603100028141;2022-01-26 20:14:55.000;OTRO;257;O
341;519;Gen.Aut.:14/11/07;KEYMARKET 21;L;;;176;;2022012603100028141;2022-01-26 20:14:55.000;OTRO;250;O
342;520;Gen.Aut.:14/11/07;KEYMARKET 22;L;;;129;;2022012603100028141;2022-01-26 20:14:55.000;OTRO;145;O
343;521;Gen.Aut.:14/11/07;KEYMARKET 1;L;;;169;;2022012603100028141;2022-01-26 20:14:55.000;OTRO;246;O
344;522;Gen.Aut.:14/11/07;KEYMARKET 23;L;;;171;;2022012603100028141;2022-01-26 20:14:55.000;OTRO;247;O
345;523;Gen.Aut.:14/11/07;KEYMARKET 24;L;;;177;;2022012603100028141;2022-01-26 20:14:55.000;OTRO;269;O
346;524;Gen.Aut.:14/11/07;KEYMARKET 25;L;;;178;;2022012603100028141;2022-01-26 20:14:55.000;OTRO;259;O
347;525;Gen.Aut.:14/11/07;KEYMARKET 26;L;;;166;;2022012603100028141;2022-01-26 20:14:55.000;OTRO;248;O
348;526;Gen.Aut.:14/11/07;KEYMARKET 27;L;;;182;;2022012603100028141;2022-01-26 20:14:55.000;OTRO;252;O
349;527;Gen.Aut.:14/11/07;KEYMARKET 28;L;;;186;;2022012603100028141;2022-01-26 20:14:55.000;OTRO;253;O
350;528;Gen.Aut.:14/11/07;KEYMARKET 29;L;;;168;;2022012603100028141;2022-01-26 20:14:55.000;OTRO;261;O
351;529;Gen.Aut.:14/11/07;KEYMARKET 30;L;;;167;;2022012603100028141;2022-01-26 20:14:55.000;OTRO;377;O
352;530;Gen.Aut.:14/11/07;KEYMARKET 31;L;;;169;;2022012603100028141;2022-01-26 20:14:55.000;OTRO;246;O
353;531;Gen.Aut.:14/11/07;KEYMARKET 32;L;;;182;;2022012603100028141;2022-01-26 20:14:55.000;OTRO;252;O
354;532;Gen.Aut.:14/11/07;KEYMARKET 33;L;;;385;;2022012603100028141;2022-01-26 20:14:55.000;OTRO;383;O
355;533;Gen.Aut.:14/11/07;KEYMARKET 2;L;;;169;;2022012603100028141;2022-01-26 20:14:55.000;OTRO;246;O
356;534;Gen.Aut.:14/11/07;KEYMARKET 34;L;;;191;;2022012603100028141;2022-01-26 20:14:55.000;OTRO;278;O
357;535;Gen.Aut.:14/11/07;KEYMARKET 35;L;;;190;;2022012603100028141;2022-01-26 20:14:55.000;OTRO;256;O
358;536;Gen.Aut.:14/11/07;KEYMARKET 36;L;;;166;;2022012603100028141;2022-01-26 20:14:55.000;OTRO;248;O
359;537;Gen.Aut.:14/11/07;KEYMARKET 37;L;;;417;;2022012603100028141;2022-01-26 20:14:55.000;OTRO;385;O
360;538;Gen.Aut.:14/11/07;KEYMARKET 38;L;;;234;;2022012603100028141;2022-01-26 20:14:55.000;OTRO;393;O
361;539;Gen.Aut.:14/11/07;KEYMARKET 39;L;;;168;;2022012603100028141;2022-01-26 20:14:55.000;OTRO;261;O
362;540;Gen.Aut.:14/11/07;KEYMARKET 41;L;;;180;;2022012603100028141;2022-01-26 20:14:55.000;OTRO;251;O
363;541;Gen.Aut.:14/11/07;KEYMARKET 40;L;;;166;;2022012603100028141;2022-01-26 20:14:55.000;OTRO;248;O
364;542;Gen.Aut.:15/11/07;PRUEBA GASCO;L;;;80;;2022012603100028141;2022-01-26 20:14:55.000;OTRO;20;O
365;543;Gen.Aut.:23/11/07;ENTRE BRUJAS PELUQUE;L;;;197;;2022012603100028141;2022-01-26 20:14:55.000;OTRO;280;O
366;544;Gen.Aut.:23/11/07;CALZADOS MAX CENTER;L;;;197;;2022012603100028141;2022-01-26 20:14:55.000;OTRO;280;O
367;545;Gen.Aut.:23/11/07;BICICLET DON CHEYO;L;;;197;;2022012603100028141;2022-01-26 20:14:55.000;OTRO;280;O
368;546;Gen.Aut.:23/11/07;TOKIO REPUESTOS;L;;;197;;2022012603100028141;2022-01-26 20:14:55.000;OTRO;280;O
369;547;Gen.Aut.:23/11/07;SORAYA NOVEDADES;L;;;197;;2022012603100028141;2022-01-26 20:14:55.000;OTRO;280;O
370;548;Gen.Aut.:23/11/07;TINKA S BOUTIQUE;L;;;197;;2022012603100028141;2022-01-26 20:14:55.000;OTRO;280;O
371;549;Gen.Aut.:23/11/07;BILLARDI AND LE SPOR;L;;;197;;2022012603100028141;2022-01-26 20:14:55.000;OTRO;280;O
372;550;Gen.Aut.:23/11/07;ARTE FOTO EXPRESS;L;;;197;;2022012603100028141;2022-01-26 20:14:55.000;OTRO;280;O
373;551;Gen.Aut.:23/11/07;R Y M BASKET;L;;;197;;2022012603100028141;2022-01-26 20:14:55.000;OTRO;280;O
374;552;Gen.Aut.:23/11/07;COMERCIAL AMAYA;L;;;197;;2022012603100028141;2022-01-26 20:14:55.000;OTRO;280;O
375;553;Gen.Aut.:23/11/07;YINYU;L;;;197;;2022012603100028141;2022-01-26 20:14:55.000;OTRO;280;O
376;554;Gen.Aut.:23/11/07;MAGNOLIA;L;;;169;;2022012603100028141;2022-01-26 20:14:55.000;OTRO;246;O
377;555;Gen.Aut.:23/11/07;CIBERTEC;L;;;80;;2022012603100028141;2022-01-26 20:14:55.000;OTRO;20;O
378;556;Gen.Aut.:27/11/07;ISWITCH(EST JURIDICO;L;;;71;;2022012603100028141;2022-01-26 20:14:55.000;OTRO;42;O
379;557;Gen.Aut.:08/12/07;PRUEBA GASCO NORTE;L;;;80;;2022012603100028141;2022-01-26 20:14:55.000;OTRO;20;O
380;558;Gen.Aut.:08/12/07;PRUEBA GASCO CENTRO;L;;;80;;2022012603100028141;2022-01-26 20:14:55.000;OTRO;20;O
381;559;Gen.Aut.:08/12/07;PRUEBA GASCO SUR;L;;;80;;2022012603100028141;2022-01-26 20:14:55.000;OTRO;20;O
382;560;Gen.Aut.:11/12/07;ELLA S LENCERIA;L;;;235;;2022012603100028141;2022-01-26 20:14:55.000;OTRO;303;O
383;561;Gen.Aut.:11/12/07;TOP LINE;L;;;235;;2022012603100028141;2022-01-26 20:14:55.000;OTRO;303;O
384;562;Gen.Aut.:11/12/07;FERRETERIA PROVESUR;L;;;197;;2022012603100028141;2022-01-26 20:14:55.000;OTRO;280;O
385;563;Gen.Aut.:11/12/07;CAZA  PESCA OLLETA;L;;;197;;2022012603100028141;2022-01-26 20:14:55.000;OTRO;280;O
386;564;Gen.Aut.:11/12/07;ARELLANO HERMANOS;L;;;235;;2022012603100028141;2022-01-26 20:14:55.000;OTRO;303;O
387;565;Gen.Aut.:11/12/07;FARMACIA GUZMAN;L;;;235;;2022012603100028141;2022-01-26 20:14:55.000;OTRO;303;O
388;566;Gen.Aut.:11/12/07;IMPORTADORA CAUPOLIC;L;;;80;;2022012603100028141;2022-01-26 20:14:55.000;OTRO;20;O
389;567;Gen.Aut.:11/12/07;AMISTAD;L;;;197;;2022012603100028141;2022-01-26 20:14:55.000;OTRO;280;O
390;568;Gen.Aut.:11/12/07;DIST LAMPILUZ LTDA;L;;;80;;2022012603100028141;2022-01-26 20:14:55.000;OTRO;20;O
391;569;Gen.Aut.:15/12/07;UNIMARC (RENDIC HERM;L;;;80;;2022012603100028141;2022-01-26 20:14:55.000;OTRO;20;O
392;101;Gen.Aut.:19/12/07;CWDFF;L;;;80;;2022012603100028141;2022-01-26 20:14:55.000;OTRO;20;O
393;570;Gen.Aut.:19/12/07;LAS VEGAS NEVADA;L;;;169;;2022012603100028141;2022-01-26 20:14:55.000;OTRO;246;O
394;571;Gen.Aut.:19/12/07;RAMOS;L;;;169;;2022012603100028141;2022-01-26 20:14:55.000;OTRO;246;O
395;572;Gen.Aut.:19/12/07;XIMENA CHESTA;L;;;169;;2022012603100028141;2022-01-26 20:14:55.000;OTRO;246;O
396;573;Gen.Aut.:19/12/07;BLESSING BOUTIQUE;L;;;169;;2022012603100028141;2022-01-26 20:14:55.000;OTRO;246;O
397;574;Gen.Aut.:19/12/07;PALACIO DEL NIÑO;L;;;169;;2022012603100028141;2022-01-26 20:14:55.000;OTRO;246;O
398;575;Gen.Aut.:19/12/07;IKEBANA BOUTIQUE;L;;;169;;2022012603100028141;2022-01-26 20:14:55.000;OTRO;246;O
399;283;SUPERMERCADOS;ROMANINI;L;;;80;;2022012603100028141;2022-01-26 20:14:55.000;OTRO;20;O
400;284;SERV.MEDICO Y DENTAL;GAMEZ;L;;;80;;2022012603100028141;2022-01-26 20:14:55.000;OTRO;20;O
401;285;CENTRO ODONTOLOGICO;ISADENT 1;L;;;71;;2022012603100028141;2022-01-26 20:14:55.000;OTRO;42;O
402;286;CENTRO ODONTOLOGICO;ISADENT 2;L;;;80;;2022012603100028141;2022-01-26 20:14:55.000;OTRO;20;O
403;287;CENTRO MEDICO Y DENT;CENTRO MEDICO ESPOZ;L;;;73;;2022012603100028141;2022-01-26 20:14:55.000;OTRO;43;O
404;288;CENTRO DENTAL;CLINICA PACIFICO;L;;;80;;2022012603100028141;2022-01-26 20:14:55.000;OTRO;20;O
405;289;COMERCIALIZ. DE ROPA;OSH-KOSH;L;;;46;;2022012603100028141;2022-01-26 20:14:55.000;OTRO;33;O
406;290;CLINICA DENTAL;CLINICA D. OSCAR ROD;L;;;53;;2022012603100028141;2022-01-26 20:14:55.000;OTRO;38;O
407;291;SERV. MEDICOS DENTAL;NAZARENO;L;;;80;;2022012603100028141;2022-01-26 20:14:55.000;OTRO;20;O
408;292;RELOJERIA;MAIHER;L;;;80;;2022012603100028141;2022-01-26 20:14:55.000;OTRO;20;O
409;293;VESTUARIO;MARIO HADDAD;L;;;80;;2022012603100028141;2022-01-26 20:14:55.000;OTRO;20;O
410;294;SERV.INTEGRALES ODON;INTEGRADENTAL;L;;;82;;2022012603100028141;2022-01-26 20:14:55.000;OTRO;59;O
411;295;OPTICAS;OPTICAS PINCUS;L;;;80;;2022012603100028141;2022-01-26 20:14:55.000;OTRO;20;O
412;296;OPTICAS;OPTICA LOSADA;L;;;80;;2022012603100028141;2022-01-26 20:14:55.000;OTRO;20;O
413;297;COMERCIALIZ. ALIMEN.;LOS POLLITOS DICEN 1;L;;;80;;2022012603100028141;2022-01-26 20:14:55.000;OTRO;20;O
414;298;COMERCIALIZ. ALIMEN.;LOS POLLITOS DICEN 2;L;;;80;;2022012603100028141;2022-01-26 20:14:55.000;OTRO;20;O
415;299;COMERCIALIZ. ALIMEN.;LOS POLLITOS DICEN 3;L;;;80;;2022012603100028141;2022-01-26 20:14:55.000;OTRO;20;O
416;300;COMERCIALIZ. ALIMEN.;LOS POLLITOS DICEN 4;L;;;80;;2022012603100028141;2022-01-26 20:14:55.000;OTRO;20;O
417;301;RELOJERIA Y JOYERIA;RUSSO;L;;;80;;2022012603100028141;2022-01-26 20:14:55.000;OTRO;20;O
418;302;VESTUARIO;H.A;L;;;80;;2022012603100028141;2022-01-26 20:14:55.000;OTRO;20;O
419;303;CONFITERIA;LARBOS;L;;;80;;2022012603100028141;2022-01-26 20:14:55.000;OTRO;20;O
420;304;FARMACIAS;FARMACIAS CARMEN;L;;;80;;2022012603100028141;2022-01-26 20:14:55.000;OTRO;20;O
421;50;MAIPU;MAIPU 33;L;;;53;;2022012603100028141;2022-01-26 20:14:55.000;TIENDA;38;H
422;305;TRANSPORTES;PULLMAN;L;;;80;;2022012603100028141;2022-01-26 20:14:55.000;OTRO;20;O
423;306;VESTUARIO;FOUCHE;L;;;80;;2022012603100028141;2022-01-26 20:14:55.000;OTRO;20;O
424;51;PUENTE ALTO;PUENTE ALTO 175;L;;;74;;2022012603100028141;2022-01-26 20:14:55.000;TIENDA;52;H
425;2;INTERNET;INTERNET;INTERNET;;;73;;2022043003010016891;2022-04-30 05:40:27.000;WEB;43;H
426;12;INDEFINIDO;INDEFINIDO;L;;;20;;2022012603100028141;2022-01-26 20:14:55.000;OTRO;0;O
427;255;SALUD;I-MED;L;;;20;;2022012603100028141;2022-01-26 20:14:55.000;OTRO;0;O
428;307;VESTUARIO;VIA MODA;L;;;80;;2022012603100028141;2022-01-26 20:14:55.000;OTRO;20;O
429;308;VESTUARIO;VIA MODA 2;L;;;77;;2022012603100028141;2022-01-26 20:14:55.000;OTRO;46;O
430;309;VESTUARIO;VIA MODA 3;L;;;80;;2022012603100028141;2022-01-26 20:14:55.000;OTRO;20;O
431;310;SERVICIOS MEDICOS;TORRE ALAMEDA;L;;;80;;2022012603100028141;2022-01-26 20:14:55.000;OTRO;20;O
432;311;ARTICULOS DEPORTIVOS;"100% FUTBOL";L;;;46;;2022012603100028141;2022-01-26 20:14:55.000;OTRO;33;O
433;312;COM.DE VIDEOS Y JUEG;MONOPOLIS;L;;;80;;2022012603100028141;2022-01-26 20:14:55.000;OTRO;20;O
434;313;COM.DE VIDEOS Y JUEG;EXTREME GAME;L;;;80;;2022012603100028141;2022-01-26 20:14:55.000;OTRO;20;O
435;34;QUILPUE;QUILPUE;L;;;118;;2022022303100431132;2022-02-23 04:29:56.000;TIENDA;177;H
436;35;CUENTA DIFERENCIA;CUENTA DIFERENCIA;B;;;73;;2022012603100028141;2022-01-26 20:14:55.000;OTRO;43;H
437;314;COMERCIALIZADORA DE;YON SHIN;L;;;34;;2022012603100028141;2022-01-26 20:14:55.000;OTRO;25;O
438;252;SALUD;I-MED S.A.;L;;;71;;2022012603100028141;2022-01-26 20:14:55.000;OTRO;42;O
439;315;CRISTALERIAS;CRISTALERIA LA PAZ;L;;;36;;2022012603100028141;2022-01-26 20:14:55.000;OTRO;27;O
440;316;PRENDAS DE VESTIR;PARADA 111 (2);L;;;157;;2022012603100028141;2022-01-26 20:14:55.000;OTRO;182;O
441;317;PRENDAS DE VESTIR;PARADA 111 (3);L;;;157;;2022012603100028141;2022-01-26 20:14:55.000;OTRO;182;O
442;605;Gen.Aut.:08/01/08;MUNDO INFANTIL ISKAN;L;;;169;;2022012603100028141;2022-01-26 20:14:55.000;OTRO;246;O
443;606;Gen.Aut.:11/01/08;KORLAET;L;;;227;;2022012603100028141;2022-01-26 20:14:55.000;OTRO;96;O
444;607;Gen.Aut.:12/01/08;ABBA VARELA;L;;;227;;2022012603100028141;2022-01-26 20:14:55.000;OTRO;96;O
445;608;Gen.Aut.:12/01/08;GERARDO PARABRISAS;L;;;197;;2022012603100028141;2022-01-26 20:14:55.000;OTRO;280;O
0;-1;NO_HOMOLOGADO;NO_HOMOLOGADO;NO_HOMOLOGADO;;;0;;0;2020-01-22 22:24:47.000;OTRO;0;O
1;318;SUPERMERCADOS;COMER;L;;;80;;2022012603100028141;2022-01-26 20:14:55.000;OTRO;20;O
2;319;IMPORTACION Y DISTR.;COMERCIAL EXITO;L;;;34;;2022012603100028141;2022-01-26 20:14:55.000;OTRO;25;O
3;320;FABRICA MUEBLES;MUEBLES CIC 2;L;;;53;;2022012603100028141;2022-01-26 20:14:55.000;OTRO;38;O
4;321;ARTICULOS DE HOGAR;COMERCOP;L;;;76;;2022012603100028141;2022-01-26 20:14:55.000;OTRO;45;O
5;36;B.SAN FRANCISCO N°2;B.SAN FRANCISCO N°2;CD;;;73;;2022050303010125018;2022-05-03 04:10:13.000;OTRO;43;H
6;322;ARTICULOS DE PAQUET;ALBERTO ANICH;L;;;157;;2022012603100028141;2022-01-26 20:14:55.000;OTRO;182;O
7;323;REPUESTOS MAQUINAS;CASA DE LA COSTURA;L;;;80;;2022012603100028141;2022-01-26 20:14:55.000;OTRO;20;O
8;324;VESTUARIO;ALLSPORT;L;;;82;;2022012603100028141;2022-01-26 20:14:55.000;OTRO;59;O
9;325;IMPORTADORA;AUDIOMEDICAL;L;;;71;;2022012603100028141;2022-01-26 20:14:55.000;OTRO;42;O
10;326;CALZADO;CALZARTE;L;;;80;;2022012603100028141;2022-01-26 20:14:55.000;OTRO;20;O
11;327;TEXTILES Y CALZADO;DELICATA;L;;;77;;2022012603100028141;2022-01-26 20:14:55.000;OTRO;46;O
12;328;FOTOGRAFIA;FOTOSTEREO;L;;;80;;2022012603100028141;2022-01-26 20:14:55.000;OTRO;20;O
13;329;RELOJERIA;TMG;L;;;80;;2022012603100028141;2022-01-26 20:14:55.000;OTRO;20;O
14;330;VESTUARIO;KAYSER;L;;;20;;2022012603100028141;2022-01-26 20:14:55.000;OTRO;0;O
15;38;TALCA;TIENDA TALCA;L;;;199;;2022012603100028141;2022-01-26 20:14:55.000;TIENDA;216;H
16;39;BODEGA CONCEPCION;BODEGA CONCEPCION;B;;;186;;2022070203150214267;2022-07-02 04:51:41.000;OTRO;253;H
17;52;CONCEPCION 2;CONCEPCION 2;L;;;169;;2022012603100028141;2022-01-26 20:14:55.000;TIENDA;246;H
18;53;LOS ANGELES;LOS ANGELES;L;;;179;;2022012603100028141;2022-01-26 20:14:55.000;TIENDA;266;H
19;331;TELECOMUNICACIONES;CMET;L;;;71;;2022012603100028141;2022-01-26 20:14:55.000;OTRO;42;O
20;332;ARTICULOS DE CUERO;KOLOSH;L;;;86;;2022012603100028141;2022-01-26 20:14:55.000;OTRO;49;O
21;333;PRODUCTOS FOTOGRAFIC;KONICA;L;;;20;;2022012603100028141;2022-01-26 20:14:55.000;OTRO;0;O
22;37;BE TEMUCO;BE TEMUCO;B;;;80;;2022072903150610236;2022-07-29 04:51:35.000;OTRO;20;H
23;334;TIENDA PAQUETERIA;LA CASA BLANCA;L;;;20;;2022012603100028141;2022-01-26 20:14:55.000;OTRO;0;O
24;335;PANADERIA;DA CARLA;L;;;20;;2022012603100028141;2022-01-26 20:14:55.000;OTRO;0;O
25;336;ELECTRONICA;CASA MUSA;L;;;20;;2022012603100028141;2022-01-26 20:14:55.000;OTRO;0;O
26;337;TEXTIL;FICCUS KID;L;;;20;;2022012603100028141;2022-01-26 20:14:55.000;OTRO;0;O
27;338;TEXTIL;ANIMATE;L;;;20;;2022012603100028141;2022-01-26 20:14:55.000;OTRO;0;O
28;54;ESTACION CENTRAL;ESTACION CENTRAL;L;;;80;;2022012603100028141;2022-01-26 20:14:55.000;TIENDA;20;H
29;339;JUEGOS DE AZAR;LOTERIA 1;L;;;157;;2022012603100028141;2022-01-26 20:14:55.000;OTRO;182;O
30;340;JUEGOS DE AZAR;LOTERIA 2;L;;;20;;2022012603100028141;2022-01-26 20:14:55.000;OTRO;0;O
31;341;CARNICERIA;GANADERA RIO BUENO 1;L;;;20;;2022012603100028141;2022-01-26 20:14:55.000;OTRO;0;O
32;342;CARNICERIA;GANADERA RIO BUENO 2;L;;;20;;2022012603100028141;2022-01-26 20:14:55.000;OTRO;0;O
33;343;CARNICERIA;GANADERA RIO BUENO 3;L;;;20;;2022012603100028141;2022-01-26 20:14:55.000;OTRO;0;O
34;344;CARNICERIA;GANADERA RIO BUENO 4;L;;;20;;2022012603100028141;2022-01-26 20:14:55.000;OTRO;0;O
35;345;BOUTIQUE;IROL;L;;;20;;2022012603100028141;2022-01-26 20:14:55.000;OTRO;0;O
36;346;OPTICAS BALMACEDA;OPTICA;L;;;20;;2022012603100028141;2022-01-26 20:14:55.000;OTRO;0;O
37;347;SALUD;FARMACIA ROUBILLARD;L;;;20;;2022012603100028141;2022-01-26 20:14:55.000;OTRO;0;O
38;348;KENTUCKY;RESTAURANTES;L;;;20;;2022012603100028141;2022-01-26 20:14:55.000;OTRO;0;O
39;349;JOYERIA;VISS;L;;;20;;2022012603100028141;2022-01-26 20:14:55.000;OTRO;0;O
40;350;LIBRERIA;LIBRERIA PINOCHO;L;;;20;;2022012603100028141;2022-01-26 20:14:55.000;OTRO;0;O
41;351;JUGUETERIA;COTILLON;L;;;20;;2022012603100028141;2022-01-26 20:14:55.000;OTRO;0;O
42;352;LIBRERIA;MEIGGS 50;L;;;20;;2022012603100028141;2022-01-26 20:14:55.000;OTRO;0;O
43;353;MUNICIPALIDAD;MUNIC.DE LO PRADO;L;;;20;;2022012603100028141;2022-01-26 20:14:55.000;OTRO;0;O
44;41;BE LOS ANGELES;BE LOS ANGELES;B;;;179;;2022090203150827082;2022-09-02 04:59:21.000;TIENDA;266;H
45;354;MUNICIPALIDAD;MUNIC.DE LA FLORIDA;L;;;20;;2022012603100028141;2022-01-26 20:14:55.000;OTRO;0;O
46;355;MUNICIPALIDAD;MUNIC.DE SAN RAMON;L;;;20;;2022012603100028141;2022-01-26 20:14:55.000;OTRO;0;O
47;356;MUNICIPALIDAD;CRISTIAN MORAN 3;L;;;20;;2022012603100028141;2022-01-26 20:14:55.000;OTRO;0;O
48;357;CALZADOS;DEBORA;L;;;20;;2022012603100028141;2022-01-26 20:14:55.000;OTRO;0;O
49;358;BAZAR Y PAQUETERIA;MIS SUEÑOS;L;;;20;;2022012603100028141;2022-01-26 20:14:55.000;OTRO;0;O
50;359;MUNICIPALIDAD;MUNIC.DE MAIPU;L;;;20;;2022012603100028141;2022-01-26 20:14:55.000;OTRO;0;O
51;360;CONFITES;LUBBA;L;;;20;;2022012603100028141;2022-01-26 20:14:55.000;OTRO;0;O
52;361;VESTUARIO;H.A DISEÑO & COMERCI;L;;;20;;2022012603100028141;2022-01-26 20:14:55.000;OTRO;0;O
53;362;MENAJE;IMPORT. SAN NICOLAS;L;;;20;;2022012603100028141;2022-01-26 20:14:55.000;OTRO;0;O
54;363;SALUD;AGRUPACION ODONTOLOG;L;;;20;;2022012603100028141;2022-01-26 20:14:55.000;OTRO;0;O
55;364;CALZADOS;CATECU;L;;;20;;2022012603100028141;2022-01-26 20:14:55.000;OTRO;0;O
56;365;CEMENTERIOS;PARQUE EL PRADO;L;;;20;;2022012603100028141;2022-01-26 20:14:55.000;OTRO;0;O
57;366;VESTUARIO;BUNNY'S;L;;;20;;2022012603100028141;2022-01-26 20:14:55.000;OTRO;0;O
58;367;SERVICIOS MEDICOS;ING;L;;;20;;2022012603100028141;2022-01-26 20:14:55.000;OTRO;0;O
59;368;CEMENTERIOS;PARQUE LA FLORIDA;L;;;20;;2022012603100028141;2022-01-26 20:14:55.000;OTRO;0;O
60;369;VESTUARIO;VANK'S;L;;;20;;2022012603100028141;2022-01-26 20:14:55.000;OTRO;0;O
61;370;RESTAURANTE;NURIA 1;L;;;20;;2022012603100028141;2022-01-26 20:14:55.000;OTRO;0;O
62;371;RESTAURANTE;NURIA 2;L;;;20;;2022012603100028141;2022-01-26 20:14:55.000;OTRO;0;O
63;1;EDIF. PUENTE;PUENTE 696;L;;;80;;2022012603100028141;2022-01-26 20:14:55.000;TIENDA;20;H
64;3;DAÑADOS;PRODUCTOS DAÑADOS;B;;;36;;2022012603100028141;2022-01-26 20:14:55.000;OTRO;27;H
65;4;BE CONCEPCION;BE CONCEPCION;B;;;36;;2022072903150610236;2022-07-29 04:51:35.000;OTRO;27;H
66;5;TARMA TAMBO;TARMA TAMBO 2706;B;;;36;;2022012603100028141;2022-01-26 20:14:55.000;OTRO;27;H
67;6;PUENTE;PUENTE 640;L;;;80;;2022012603100028141;2022-01-26 20:14:55.000;TIENDA;20;H
68;8;PLAZA ARMAS;AHUMADA 390;L;;;80;;2022012603100028141;2022-01-26 20:14:55.000;TIENDA;20;H
69;9;BE CHILLAN;BE CHILLAN;B;;;73;;2022072903150610236;2022-07-29 04:51:35.000;OTRO;43;H
70;10;SALA DE MUESTRAS;SALA DE MUESTRAS;B;;;36;;2022012603100028141;2022-01-26 20:14:55.000;OTRO;27;H
71;11;ALAMEDA;ALAMEDA 757;L;;;80;;2022012603100028141;2022-01-26 20:14:55.000;TIENDA;20;H
72;13;QUILICURA;QUILICURA;L;;;75;;2022012603100028141;2022-01-26 20:14:55.000;TIENDA;44;H
73;14;EXPO OVALLE;EXPO OVALLE;L;;;228;;2022012603100028141;2022-01-26 20:14:55.000;TIENDA;129;H
74;15;MUESTRAS P-MANAGER;MUESTRAS P-MANAGER;B;;;80;;2022012603100028141;2022-01-26 20:14:55.000;OTRO;20;H
75;16;INDEFINIDO;TESORERIA PROLEX;L;;;20;;2022012603100028141;2022-01-26 20:14:55.000;TIENDA;0;O
76;19;LAS ESTRELLA 2706;LAS ESTRELLA 2706;B;;;36;;2022050303010125018;2022-05-03 04:10:13.000;OTRO;27;H
77;20;DESPACHOS COMPROMETI;DESPACHOS COMPROMETI;B;;;73;;2022012603100028141;2022-01-26 20:14:55.000;OTRO;43;H
78;22;PLAZA ARMAS;COMPAÑIA 1034;L;;;80;;2022012603100028141;2022-01-26 20:14:55.000;TIENDA;20;O
79;23;DESP. DIRECTO PROV.;DESP. DIRECTO PROV.;B;;;73;;2022012603100028141;2022-01-26 20:14:55.000;OTRO;43;H
80;24;RANCAGUA;INDEPENDENCIA 751;L;;;157;;2022012603100028141;2022-01-26 20:14:55.000;TIENDA;182;H
81;25;BOD. RANCAGUA;STGO. BUERAS 323;L;;;157;;2022012603100028141;2022-01-26 20:14:55.000;TIENDA;182;H
82;26;CHILLAN;CHILLAN;L;;;167;;2022012603100028141;2022-01-26 20:14:55.000;TIENDA;377;H
83;27;BODEGA ESTACIONAL;BODEGA ESTACIONAL;B;;;73;;2022012603100028141;2022-01-26 20:14:55.000;OTRO;43;H
84;28;REINGRESO DESP.DOM.;REINGRESO DESP.DOM.;B;;;73;;2022012603100028141;2022-01-26 20:14:55.000;OTRO;43;H
85;29;ABOCOBRO NORMAL;ABOCOBRO NORMAL;L;;;80;;2022012603100028141;2022-01-26 20:14:55.000;TIENDA;20;O
86;30;TALCAHUANO;TALCAHUANO;L;;;20;;2022012603100028141;2022-01-26 20:14:55.000;TIENDA;0;O
87;31;BE COPIAPO;BE COPIAPO;B;;;208;;2022072903150610236;2022-07-29 04:51:35.000;OTRO;105;H
88;44;SERV.TECNICO EXTERNO;SERV.TECNICO EXTERNO;B;;;36;;2022012603100028141;2022-01-26 20:14:55.000;OTRO;27;H
89;60;BE TALCA;BE TALCA;B;;;199;;2022090203150827082;2022-09-02 04:59:21.000;TIENDA;216;H
90;80;OFICINA CENTRAL;OFICINA CENTRAL;L;;;80;;2022012603100028141;2022-01-26 20:14:55.000;TIENDA;20;H
91;99;INDEFINIDO;LABORATORIO;L;;;80;;2022012603100028141;2022-01-26 20:14:55.000;TIENDA;20;O
446;610;Gen.Aut.:12/01/08;LOS KILTHRO S;L;;;197;;2022012603100028141;2022-01-26 20:14:55.000;OTRO;280;O
447;611;Gen.Aut.:12/01/08;CALZADOS VICTOR;L;;;194;;2022012603100028141;2022-01-26 20:14:55.000;OTRO;299;O
448;612;Gen.Aut.:12/01/08;LLANQUIHUE;L;;;169;;2022012603100028141;2022-01-26 20:14:55.000;OTRO;246;O
449;613;Gen.Aut.:12/01/08;BOUTIQUE PAULA;L;;;167;;2022012603100028141;2022-01-26 20:14:55.000;OTRO;377;O
450;614;Gen.Aut.:15/01/08;ARSENAL STORE;L;;;167;;2022012603100028141;2022-01-26 20:14:55.000;OTRO;377;O
451;616;Gen.Aut.:15/01/08;COMERCIAL COIHUECO;L;;;167;;2022012603100028141;2022-01-26 20:14:55.000;OTRO;377;O
452;618;Gen.Aut.:15/01/08;ISWITCH(OTROS COM);L;;;71;;2022012603100028141;2022-01-26 20:14:55.000;OTRO;42;O
453;619;Gen.Aut.:16/01/08;MULTICAJAS;L;;;80;;2022012603100028141;2022-01-26 20:14:55.000;OTRO;20;O
454;622;Gen.Aut.:01/02/08;TODO BATERIA;L;;;71;;2022012603100028141;2022-01-26 20:14:55.000;OTRO;42;O
455;623;Gen.Aut.:01/02/08;LEONISA OK;L;;;29;;2022012603100028141;2022-01-26 20:14:55.000;OTRO;23;O
456;624;Gen.Aut.:01/02/08;MUNDO FASHION;L;;;179;;2022012603100028141;2022-01-26 20:14:55.000;OTRO;266;O
457;625;Gen.Aut.:01/02/08;CARTERAS AYLINNE;L;;;169;;2022012603100028141;2022-01-26 20:14:55.000;OTRO;246;O
458;626;Gen.Aut.:01/02/08;JOYERIA RELOJ 18K;L;;;179;;2022012603100028141;2022-01-26 20:14:55.000;OTRO;266;O
459;627;Gen.Aut.:01/02/08;PROFOTO;L;;;197;;2022012603100028141;2022-01-26 20:14:55.000;OTRO;280;O
460;628;Gen.Aut.:01/02/08;PUMUCKI IMPORT;L;;;197;;2022012603100028141;2022-01-26 20:14:55.000;OTRO;280;O
461;629;Gen.Aut.:01/02/08;MEDA TEMUCO LTDA;L;;;197;;2022012603100028141;2022-01-26 20:14:55.000;OTRO;280;O
462;630;Gen.Aut.:01/02/08;AMORTIGUADORES MONTT;L;;;197;;2022012603100028141;2022-01-26 20:14:55.000;OTRO;280;O
463;631;Gen.Aut.:01/02/08;OPTICA LILIANS;L;;;179;;2022012603100028141;2022-01-26 20:14:55.000;OTRO;266;O
464;632;Gen.Aut.:01/02/08;BLUE MIX;L;;;167;;2022012603100028141;2022-01-26 20:14:55.000;OTRO;377;O
465;634;Gen.Aut.:01/02/08;BABY BEAR;L;;;179;;2022012603100028141;2022-01-26 20:14:55.000;OTRO;266;O
466;635;Gen.Aut.:01/02/08;OPT HAMMERSLEY CONCE;L;;;169;;2022012603100028141;2022-01-26 20:14:55.000;OTRO;246;O
467;636;Gen.Aut.:01/02/08;OPTICA STOM;L;;;169;;2022012603100028141;2022-01-26 20:14:55.000;OTRO;246;O
468;637;Gen.Aut.:05/03/08;UNIMARC RENDIC;L;;;35;;2022012603100028141;2022-01-26 20:14:55.000;OTRO;26;O
469;638;Gen.Aut.:05/03/08;CICLOS BOUTIQUE;L;;;197;;2022012603100028141;2022-01-26 20:14:55.000;OTRO;280;O
470;639;Gen.Aut.:05/03/08;SERVITECA DACSA;L;;;197;;2022012603100028141;2022-01-26 20:14:55.000;OTRO;280;O
471;640;Gen.Aut.:05/03/08;LOS PEQUES;L;;;197;;2022012603100028141;2022-01-26 20:14:55.000;OTRO;280;O
472;641;Gen.Aut.:05/03/08;OPTICA QUEIROLO;L;;;227;;2022012603100028141;2022-01-26 20:14:55.000;OTRO;96;O
473;642;Gen.Aut.:05/03/08;OLIMPICA;L;;;169;;2022012603100028141;2022-01-26 20:14:55.000;OTRO;246;O
474;643;Gen.Aut.:05/03/08;VILLARRICA CALZADOS;L;;;194;;2022012603100028141;2022-01-26 20:14:55.000;OTRO;299;O
475;644;Gen.Aut.:05/03/08;SUP DE LA ESPUMA;L;;;169;;2022012603100028141;2022-01-26 20:14:55.000;OTRO;246;O
476;645;Gen.Aut.:05/03/08;SUPER 10  2;L;;;189;;2022012603100028141;2022-01-26 20:14:55.000;OTRO;255;O
477;646;Gen.Aut.:05/03/08;SUPER 10  3;L;;;169;;2022012603100028141;2022-01-26 20:14:55.000;OTRO;246;O
478;647;Gen.Aut.:05/03/08;SUPER 10  5;L;;;168;;2022012603100028141;2022-01-26 20:14:55.000;OTRO;261;O
479;648;Gen.Aut.:05/03/08;SUPER 10  4;L;;;190;;2022012603100028141;2022-01-26 20:14:55.000;OTRO;256;O
480;649;Gen.Aut.:05/03/08;SUPER 10  1;L;;;169;;2022012603100028141;2022-01-26 20:14:55.000;OTRO;246;O
481;650;Gen.Aut.:11/03/08;LIBRERIA GIORGIO;L;;;169;;2022012603100028141;2022-01-26 20:14:55.000;OTRO;246;O
482;651;Gen.Aut.:11/03/08;LIBRERIA GIORGIO;L;;;197;;2022012603100028141;2022-01-26 20:14:55.000;OTRO;280;O
483;652;Gen.Aut.:11/03/08;LIBRERIA GIORGIO;L;;;169;;2022012603100028141;2022-01-26 20:14:55.000;OTRO;246;O
484;653;Gen.Aut.:12/03/08;LIBRERIA GIORGIO;L;;;169;;2022012603100028141;2022-01-26 20:14:55.000;OTRO;246;O
485;654;Gen.Aut.:12/03/08;CALZADOS EL PROGRESO;L;;;179;;2022012603100028141;2022-01-26 20:14:55.000;OTRO;266;O
486;660;Gen.Aut.:12/03/08;POINTPAY1 (OTROS COM;L;;;35;;2022012603100028141;2022-01-26 20:14:55.000;OTRO;26;O
487;661;Gen.Aut.:12/03/08;POINTPAY2(OTROS COM);L;;;35;;2022012603100028141;2022-01-26 20:14:55.000;OTRO;26;O
488;662;Gen.Aut.:12/03/08;POINTPAY3 (OTROS COM;L;;;35;;2022012603100028141;2022-01-26 20:14:55.000;OTRO;26;O
489;663;Gen.Aut.:12/03/08;POINTPAY4 (OTROS COM;L;;;35;;2022012603100028141;2022-01-26 20:14:55.000;OTRO;26;O
490;664;Gen.Aut.:12/03/08;POINTPAY5 (OTROS COM;L;;;35;;2022012603100028141;2022-01-26 20:14:55.000;OTRO;26;O
491;665;Gen.Aut.:12/03/08;POINTPAY6 (OTROS COM;L;;;35;;2022012603100028141;2022-01-26 20:14:55.000;OTRO;26;O
492;666;Gen.Aut.:12/03/08;POINTPAY7 (OTROS COM;L;;;35;;2022012603100028141;2022-01-26 20:14:55.000;OTRO;26;O
493;667;Gen.Aut.:12/03/08;POINTPAY8 (OTROS COM;L;;;35;;2022012603100028141;2022-01-26 20:14:55.000;OTRO;26;O
494;655;Gen.Aut.:21/03/08;SAXOLINE SAMSONITE;L;;;75;;2022012603100028141;2022-01-26 20:14:55.000;OTRO;44;O
495;656;Gen.Aut.:26/03/08;NIPPON SERVICE;L;;;197;;2022012603100028141;2022-01-26 20:14:55.000;OTRO;280;O
496;657;Gen.Aut.:01/04/08;CARMOVAL COMERCIALIZ;L;;;169;;2022012603100028141;2022-01-26 20:14:55.000;OTRO;246;O
497;658;Gen.Aut.:02/04/08;KEYMARKET 42;L;;;417;;2022012603100028141;2022-01-26 20:14:55.000;OTRO;385;O
498;659;Gen.Aut.:05/04/08;FERRETERIA PROGRESO;L;;;166;;2022012603100028141;2022-01-26 20:14:55.000;OTRO;248;O
499;668;Gen.Aut.:07/04/08;EUROHOGAR;L;;;189;;2022012603100028141;2022-01-26 20:14:55.000;OTRO;255;O
500;669;Gen.Aut.:17/06/08;ISWITCH(OTROS COM);L;;;71;;2022012603100028141;2022-01-26 20:14:55.000;OTRO;42;O
501;670;Gen.Aut.:24/06/08;ISWITCH(SERV ANTOFA;L;;;71;;2022012603100028141;2022-01-26 20:14:55.000;OTRO;42;O
502;671;Gen.Aut.:28/06/08;NETCOMERCIO;L;;;80;;2022012603100028141;2022-01-26 20:14:55.000;OTRO;20;O
503;672;Gen.Aut.:01/07/08;RINCON 21;L;;;197;;2022012603100028141;2022-01-26 20:14:55.000;OTRO;280;O
504;673;Gen.Aut.:01/07/08;CASA SIEGMUND;L;;;240;;2022012603100028141;2022-01-26 20:14:55.000;OTRO;313;O
505;674;Gen.Aut.:19/07/08;ISWITCH(OTROS COM);L;;;71;;2022012603100028141;2022-01-26 20:14:55.000;OTRO;42;O
506;675;Gen.Aut.:06/08/08;SUP EL TREBOL;L;;;306;;2022012603100028141;2022-01-26 20:14:55.000;OTRO;298;O
507;676;Gen.Aut.:06/08/08;NETCOMERCIO;L;;;80;;2022012603100028141;2022-01-26 20:14:55.000;OTRO;20;O
508;677;Gen.Aut.:07/08/08;PRODEMAC;L;;;86;;2022012603100028141;2022-01-26 20:14:55.000;OTRO;49;O
509;678;Gen.Aut.:22/08/08;KEYMARKET EL CARMEN;L;;;340;;2022012603100028141;2022-01-26 20:14:55.000;OTRO;380;O
510;679;Gen.Aut.:22/08/08;KEYMARKET PEÑUELAS;L;;;175;;2022012603100028141;2022-01-26 20:14:55.000;OTRO;257;O
511;680;Gen.Aut.:02/09/08;BRYC S.A.;L;;;201;;2022012603100028141;2022-01-26 20:14:55.000;OTRO;229;O
512;681;Gen.Aut.:17/09/08;SUR DOS LTDA MUÑOZ H;L;;;197;;2022012603100028141;2022-01-26 20:14:55.000;OTRO;280;O
513;682;Gen.Aut.:17/09/08;MAY DEL SUR LTDA MUÑ;L;;;197;;2022012603100028141;2022-01-26 20:14:55.000;OTRO;280;O
514;683;Gen.Aut.:15/10/08;NETCOMERCIO;L;;;80;;2022012603100028141;2022-01-26 20:14:55.000;OTRO;20;O
515;684;Gen.Aut.:05/11/08;NETCOMERCIO;L;;;80;;2022012603100028141;2022-01-26 20:14:55.000;OTRO;20;O
516;685;Gen.Aut.:05/11/08;KEYMARKET SAN PEDRO;L;;;169;;2022012603100028141;2022-01-26 20:14:55.000;OTRO;246;O
517;686;Gen.Aut.:12/11/08;NETCOMERCIO;L;;;80;;2022012603100028141;2022-01-26 20:14:55.000;OTRO;20;O
518;687;Gen.Aut.:20/11/08;MOVISTAR FRANQUICIA;L;;;46;;2022012603100028141;2022-01-26 20:14:55.000;OTRO;33;O
519;688;Gen.Aut.:22/01/09;SUPER BRYC S.A.;L;;;35;;2022012603100028141;2022-01-26 20:14:55.000;OTRO;26;O
520;689;Gen.Aut.:11/03/09;NETCOMERCIO;L;;;80;;2022012603100028141;2022-01-26 20:14:55.000;OTRO;20;O
521;690;Gen.Aut.:29/07/09;NET COMERCIO;L;;;80;;2022012603100028141;2022-01-26 20:14:55.000;OTRO;20;O
522;691;Gen.Aut.:12/08/09;EL ROBLE (EL PUEBLO);L;;;53;;2022012603100028141;2022-01-26 20:14:55.000;OTRO;38;O
523;692;Gen.Aut.:12/08/09;CHILE CENTRO (EL PUE;L;;;80;;2022012603100028141;2022-01-26 20:14:55.000;OTRO;20;O
524;693;Gen.Aut.:12/08/09;CENTRO SUR (EL PUEBL;L;;;80;;2022012603100028141;2022-01-26 20:14:55.000;OTRO;20;O
525;694;Gen.Aut.:12/08/09;NORTE (EL PUEBLO);L;;;80;;2022012603100028141;2022-01-26 20:14:55.000;OTRO;20;O
526;695;Gen.Aut.:12/08/09;SUR (EL PUEBLO);L;;;80;;2022012603100028141;2022-01-26 20:14:55.000;OTRO;20;O
527;696;Gen.Aut.:12/08/09;BIO BIO (EL PUEBLO);L;;;80;;2022012603100028141;2022-01-26 20:14:55.000;OTRO;20;O
528;697;Gen.Aut.:02/10/09;INTER SALON SALLY;L;;;46;;2022012603100028141;2022-01-26 20:14:55.000;OTRO;33;O
529;698;Gen.Aut.:16/10/09;MAYORISTA 10;L;;;35;;2022012603100028141;2022-01-26 20:14:55.000;OTRO;26;O
530;699;Gen.Aut.:04/11/09;CELCARGA;L;;;46;;2022012603100028141;2022-01-26 20:14:55.000;OTRO;33;O
531;43;BE OSORNO;BE OSORNO;B;;;237;;2022090203150827082;2022-09-02 04:59:21.000;TIENDA;333;H
532;45;OSORNO;OSORNO;L;;;237;;2022012603100028141;2022-01-26 20:14:55.000;TIENDA;333;H
533;46;EXPO-COPIAPO;EXPO-COPIAPO;L;;;208;;2022012603100028141;2022-01-26 20:14:55.000;TIENDA;105;H
534;47;COPIAPO;TIENDA COPIAPO;L;;;208;;2022012603100028141;2022-01-26 20:14:55.000;TIENDA;105;H
535;48;BODEGA OSORNO;BODEGA OSORNO;B;;;237;;2022012603100028141;2022-01-26 20:14:55.000;OTRO;333;H
536;49;RANCAGUA;INDEPENDENCIA 756;L;;;157;;2022012603100028141;2022-01-26 20:14:55.000;TIENDA;182;H
537;225;Gen.Aut.:18/11/11;SALCOBRAND;L;;;82;;2022012603100028141;2022-01-26 20:14:55.000;OTRO;59;O
538;40;LA SERENA;LA   SERENA;L;;;204;;2022012603100028141;2022-01-26 20:14:55.000;TIENDA;115;H
539;990;INDEFINIDO;OFICINAS DE COBRANZA;L;;;20;;2022012603100028141;2022-01-26 20:14:55.000;COMERCIO;0;O
540;758;PLAZA DE ARMAS;COMPAÑIA 1034;L;;;80;;2022012603100028141;2022-01-26 20:14:55.000;OTRO;20;O
541;708;PLAZA DE ARMAS;COMPAÑIA 1034;L;;;80;;2022012603100028141;2022-01-26 20:14:55.000;OTRO;20;O
542;879;INDEFINIDO;ISWITCH(EX MULTICJA);L;;;71;;2022012603100028141;2022-01-26 20:14:55.000;OTRO;42;O
543;868;PAGO DE CUENTAS;MULTICAJA;L;;;80;;2022012603100028141;2022-01-26 20:14:55.000;COMERCIO;20;O
544;97;EXPO COQUIMBO;EXPO COQUIMBO;L;;;225;;2022012603100028141;2022-01-26 20:14:55.000;TIENDA;116;H
545;61;BODEGA VALPARAISO;BODEGA VALPARAISO;B;;;127;;2022012603100028141;2022-01-26 20:14:55.000;OTRO;139;H
546;63;BE LINARES;BE LINARES;B;;;229;;2022090203150827082;2022-09-02 04:59:21.000;TIENDA;238;H
547;64;COQUIMBO;COQUIMBO;L;;;225;;2022012603100028141;2022-01-26 20:14:55.000;TIENDA;116;H
548;65;LINARES;LINARES;L;;;229;;2022012603100028141;2022-01-26 20:14:55.000;TIENDA;238;H
549;66;EXPO MELIPILLA;EXPO MELIPILLA;L;;;56;;2022012603100028141;2022-01-26 20:14:55.000;TIENDA;64;H
550;67;MELIPILLA;MELIPILLA;L;;;56;;2022012603100028141;2022-01-26 20:14:55.000;TIENDA;64;H
551;68;PUERTO MONTT;PUERTO MONTT;L;;;238;;2022012603100028141;2022-01-26 20:14:55.000;TIENDA;314;H
552;69;EXPO-IQUIQUE;EXPO-IQUIQUE;L;;;226;;2022012603100028141;2022-01-26 20:14:55.000;TIENDA;89;H
553;70;BODEGA LOG. INVERSA;BODEGA LOG. INVERSA;B;;;73;;2022012603100028141;2022-01-26 20:14:55.000;OTRO;43;H
554;71;BODEGA LINARES;BODEGA LINARES;B;;;229;;2022012603100028141;2022-01-26 20:14:55.000;OTRO;238;H
555;72;BODEGA CHILLAN;BODEGA CHILLAN;B;;;167;;2022012603100028141;2022-01-26 20:14:55.000;OTRO;377;H
556;73;BODEGA LOS ANGELES;BODEGA LOS ANGELES;B;;;179;;2022012603100028141;2022-01-26 20:14:55.000;OTRO;266;H
557;74;BODEGA PUERTO MONTT;BODEGA PUERTO MONTT;B;;;68;;2022012603100028141;2022-01-26 20:14:55.000;OTRO;41489;H
558;75;BODEGA TALCA;BODEGA TALCA;B;;;488;;2022012603100028141;2022-01-26 20:14:55.000;OTRO;411;H
559;83;EXPO-ALTO HOSPICIO;EXPO-ALTO HOSPICIO;L;;;226;;2022012603100028141;2022-01-26 20:14:55.000;TIENDA;89;H
560;76;EXPO CURICO;EXPO CURICO;L;;;201;;2022012603100028141;2022-01-26 20:14:55.000;TIENDA;229;H
561;77;EXPO QUILPUE;EXPO QUILPUE;L;;;118;;2022012603100028141;2022-01-26 20:14:55.000;TIENDA;177;H
562;78;IQUIQUE;IQUIQUE;L;;;226;;2022012603100028141;2022-01-26 20:14:55.000;TIENDA;89;H
563;79;VALPARAISO;VALPARAISO;L;;;127;;2022012603100028141;2022-01-26 20:14:55.000;TIENDA;139;H
564;84;LIQ MID MALL;LIQ MID MALL;L;;;53;;2022012603100028141;2022-01-26 20:14:55.000;TIENDA;38;H
565;85;EXPO VEGA CONCEPCION;EXPO VEGA CONCEPCION;L;;;169;;2022012603100028141;2022-01-26 20:14:55.000;TIENDA;246;H
566;86;CURICO;CURICO;L;;;520;;2022012603100028141;2022-01-26 20:14:55.000;TIENDA;0;H
567;87;BODEGA ALTO HOSPICIO;BODEGA ALTO HOSPICIO;B;;;419;;2022012603100028141;2022-01-26 20:14:55.000;OTRO;90;H
568;88;OUTLET MAIPU;OUTLET MAIPU;L;;;53;;2022012603100028141;2022-01-26 20:14:55.000;TIENDA;38;H
569;32;EXPO2 QUILICURA;EXPO2 QUILICURA;L;;;75;;2022012603100028141;2022-01-26 20:14:55.000;TIENDA;44;H
570;372;RESTAURANTE;NURIA 3;L;;;20;;2022012603100028141;2022-01-26 20:14:55.000;OTRO;0;O
571;373;RESTAURANTE;NURIA 4;L;;;20;;2022012603100028141;2022-01-26 20:14:55.000;OTRO;0;O
572;374;RESTAURANTE;NURIA 4.;L;;;20;;2022012603100028141;2022-01-26 20:14:55.000;OTRO;0;O
573;375;VESTUARIO;OSITO;L;;;20;;2022012603100028141;2022-01-26 20:14:55.000;OTRO;0;O
574;376;ARTICULOS DEPORTIVOS;ALTO DEPORTES;L;;;20;;2022012603100028141;2022-01-26 20:14:55.000;OTRO;0;O
575;377;ARTICULOS ELECTRONIC;CASA ROYAL;L;;;20;;2022012603100028141;2022-01-26 20:14:55.000;OTRO;0;O
576;55;SAN BERNARDO;SAN BERNARDO;L;;;82;;2022012603100028141;2022-01-26 20:14:55.000;TIENDA;59;H
577;378;RESTAURANTE;TROGLODITA;L;;;20;;2022012603100028141;2022-01-26 20:14:55.000;OTRO;0;O
578;121;CALZADO;CATECU;L;;;38;;2022012603100028141;2022-01-26 20:14:55.000;OTRO;28;O
579;379;PELUQUERIA;KARIBEL;NO_HOMOLOGADO;;;20;;2022012603100028141;2022-01-26 20:14:55.000;OTRO;0;L
580;380;CALZADO;EL GALLO;L;;;20;;2022012603100028141;2022-01-26 20:14:55.000;OTRO;0;O
581;381;ARTICULOS DEPORTIVOS;ALTO DEPORTES;L;;;20;;2022012603100028141;2022-01-26 20:14:55.000;OTRO;0;O
582;382;TEXTILES;MONARCH;L;;;20;;2022012603100028141;2022-01-26 20:14:55.000;OTRO;0;O
583;386;RESTAURANTE;LETELIER Y BUSCAGLIA;L;;;80;;2022012603100028141;2022-01-26 20:14:55.000;OTRO;20;O
584;387;IMP.COMER.DE RODADOS;BICICLETAS VARGAS;L;;;80;;2022012603100028141;2022-01-26 20:14:55.000;OTRO;20;O
585;615;INDEFINIDO;ABOGADO NORMAL;L;;;80;;2022012603100028141;2022-01-26 20:14:55.000;OTRO;20;O
586;617;INDEFINIDO;ABOGADO NORMAL;L;;;80;;2022012603100028141;2022-01-26 20:14:55.000;OTRO;20;O
587;620;INDEFINIDO;ABOGADO NORMAL;L;;;80;;2022012603100028141;2022-01-26 20:14:55.000;OTRO;20;O
588;621;INDEFINIDO;ABOGADO NORMAL;L;;;80;;2022012603100028141;2022-01-26 20:14:55.000;OTRO;20;O
589;705;INDEFINIDO;ABOGADO INCOBRABLE;L;;;80;;2022012603100028141;2022-01-26 20:14:55.000;OTRO;20;O
590;717;INDEFINIDO;ABOGADO INCOBRABLE;L;;;80;;2022012603100028141;2022-01-26 20:14:55.000;OTRO;20;O
591;719;INDEFINIDO;ABOGADO INCOBRABLE;L;;;80;;2022012603100028141;2022-01-26 20:14:55.000;OTRO;20;O
592;720;INDEFINIDO;ABOGADO INCOBRABLE;L;;;80;;2022012603100028141;2022-01-26 20:14:55.000;OTRO;20;O
593;721;INDEFINIDO;ABOAGDO INCOBRABLE;L;;;80;;2022012603100028141;2022-01-26 20:14:55.000;OTRO;20;O
594;56;TEMUCO;TEMUCO;L;;;197;;2022012603100028141;2022-01-26 20:14:55.000;TIENDA;280;H
595;57;CONCEPCION;CONCEPCION;L;;;169;;2022012603100028141;2022-01-26 20:14:55.000;TIENDA;246;H
596;383;INDEFINIDO;LIPIGAS;L;;;20;;2022012603100028141;2022-01-26 20:14:55.000;OTRO;0;O
597;58;EXPO2-VALPARAISO;EXPO2-VALPARAISO;L;;;127;;2022012603100028141;2022-01-26 20:14:55.000;TIENDA;139;H
598;59;ANTOFAGASTA;ANTOFAGASTA;L;;;227;;2022012603100028141;2022-01-26 20:14:55.000;TIENDA;96;H
599;384;Gen.Aut.:05/10/07;AUDIOMEDICAL;L;;;71;;2022012603100028141;2022-01-26 20:14:55.000;OTRO;42;O
600;385;Gen.Aut.:05/10/07;PLATON;L;;;35;;2022012603100028141;2022-01-26 20:14:55.000;OTRO;26;O
601;388;Gen.Aut.:05/10/07;ISWITCH(CTRO.EDUC);L;;;71;;2022012603100028141;2022-01-26 20:14:55.000;OTRO;42;O
602;389;Gen.Aut.:05/10/07;ISWITCH(INSTIT);L;;;71;;2022012603100028141;2022-01-26 20:14:55.000;OTRO;42;O
603;390;Gen.Aut.:05/10/07;ISWITCH(INACAP);L;;;71;;2022012603100028141;2022-01-26 20:14:55.000;OTRO;42;O
604;391;Gen.Aut.:05/10/07;ISWITCH(UNIV/INST);L;;;71;;2022012603100028141;2022-01-26 20:14:55.000;OTRO;42;O
605;392;Gen.Aut.:05/10/07;FERRET.HASBUN;L;;;82;;2022012603100028141;2022-01-26 20:14:55.000;OTRO;59;O
606;393;Gen.Aut.:05/10/07;CHILEMAT S.A.;L;;;82;;2022012603100028141;2022-01-26 20:14:55.000;OTRO;59;O
607;394;Gen.Aut.:05/10/07;FCIA GALENO;L;;;71;;2022012603100028141;2022-01-26 20:14:55.000;OTRO;42;O
608;395;Gen.Aut.:05/10/07;OPT.HAMMERSLEY;L;;;46;;2022012603100028141;2022-01-26 20:14:55.000;OTRO;33;O
609;396;Gen.Aut.:05/10/07;ORTIGOSA Y COMPAÑIA;L;;;157;;2022012603100028141;2022-01-26 20:14:55.000;OTRO;182;O
610;397;Gen.Aut.:05/10/07;COM E INM GALLARDO;L;;;80;;2022012603100028141;2022-01-26 20:14:55.000;OTRO;20;O
611;398;Gen.Aut.:05/10/07;OPT PREMIUM;L;;;80;;2022012603100028141;2022-01-26 20:14:55.000;OTRO;20;O
612;399;Gen.Aut.:05/10/07;ISWITCH(OTROS COM);L;;;71;;2022012603100028141;2022-01-26 20:14:55.000;OTRO;42;O
613;400;Gen.Aut.:05/10/07;ISWITCH(OTROS COM);L;;;71;;2022012603100028141;2022-01-26 20:14:55.000;OTRO;42;O
614;401;Gen.Aut.:05/10/07;ISWITCH(OTROS COM);L;;;71;;2022012603100028141;2022-01-26 20:14:55.000;OTRO;42;O
615;402;Gen.Aut.:05/10/07;ISWITCH(OTROS COM);L;;;71;;2022012603100028141;2022-01-26 20:14:55.000;OTRO;42;O
616;403;Gen.Aut.:05/10/07;ISWITCH(OTROS COM);L;;;71;;2022012603100028141;2022-01-26 20:14:55.000;OTRO;42;O
617;404;Gen.Aut.:05/10/07;ISWITCH(OTROS COM);L;;;71;;2022012603100028141;2022-01-26 20:14:55.000;OTRO;42;O
618;405;Gen.Aut.:05/10/07;MUÑOZ HERMANOS L;L;;;197;;2022012603100028141;2022-01-26 20:14:55.000;OTRO;280;O
619;406;Gen.Aut.:05/10/07;DELLINGER;L;;;197;;2022012603100028141;2022-01-26 20:14:55.000;OTRO;280;O
620;407;Gen.Aut.:05/10/07;METRO;L;;;80;;2022012603100028141;2022-01-26 20:14:55.000;OTRO;20;O
621;408;Gen.Aut.:05/10/07;LA GRAN OCASION;L;;;80;;2022012603100028141;2022-01-26 20:14:55.000;OTRO;20;O
622;409;Gen.Aut.:05/10/07;CENTRO CASIO;L;;;197;;2022012603100028141;2022-01-26 20:14:55.000;OTRO;280;O
623;410;Gen.Aut.:05/10/07;ELGUETA FARIAS ABOGA;L;;;80;;2022012603100028141;2022-01-26 20:14:55.000;OTRO;20;O
624;411;Gen.Aut.:05/10/07;CLARO CHILE S.A.;L;;;35;;2022012603100028141;2022-01-26 20:14:55.000;OTRO;26;O
625;412;Gen.Aut.:05/10/07;DOGGIS;L;;;46;;2022012603100028141;2022-01-26 20:14:55.000;OTRO;33;O
626;413;Gen.Aut.:05/10/07;FERRET.DIAGONAL;L;;;77;;2022012603100028141;2022-01-26 20:14:55.000;OTRO;46;O
627;414;Gen.Aut.:05/10/07;AMAZONAS;L;;;197;;2022012603100028141;2022-01-26 20:14:55.000;OTRO;280;O
628;415;Gen.Aut.:05/10/07;PERF DIVA LTDA;L;;;197;;2022012603100028141;2022-01-26 20:14:55.000;OTRO;280;O
629;416;Gen.Aut.:05/10/07;DIVA;L;;;197;;2022012603100028141;2022-01-26 20:14:55.000;OTRO;280;O
630;417;Gen.Aut.:05/10/07;OPTICA HENZI;L;;;197;;2022012603100028141;2022-01-26 20:14:55.000;OTRO;280;O
631;418;Gen.Aut.:05/10/07;CONFITERIA CENTRAL;L;;;197;;2022012603100028141;2022-01-26 20:14:55.000;OTRO;280;O
632;419;Gen.Aut.:05/10/07;RUSYLER;L;;;197;;2022012603100028141;2022-01-26 20:14:55.000;OTRO;280;O
633;420;Gen.Aut.:05/10/07;FRANCANO SHOES S.A.;L;;;80;;2022012603100028141;2022-01-26 20:14:55.000;OTRO;20;O
634;421;Gen.Aut.:05/10/07;PEROE LOOK DENIM;L;;;77;;2022012603100028141;2022-01-26 20:14:55.000;OTRO;46;O
635;422;Gen.Aut.:05/10/07;MAXPROCHILE LTDA;L;;;80;;2022012603100028141;2022-01-26 20:14:55.000;OTRO;20;O
636;423;Gen.Aut.:05/10/07;NOVEDADES SALLY;L;;;197;;2022012603100028141;2022-01-26 20:14:55.000;OTRO;280;O
637;424;Gen.Aut.:05/10/07;DELL MAGGIO;L;;;197;;2022012603100028141;2022-01-26 20:14:55.000;OTRO;280;O
638;425;Gen.Aut.:05/10/07;CALZ.CARILLON;L;;;197;;2022012603100028141;2022-01-26 20:14:55.000;OTRO;280;O
639;426;Gen.Aut.:05/10/07;DONEM;L;;;197;;2022012603100028141;2022-01-26 20:14:55.000;OTRO;280;O
640;427;Gen.Aut.:05/10/07;NO'CARO;L;;;197;;2022012603100028141;2022-01-26 20:14:55.000;OTRO;280;O
641;428;Gen.Aut.:05/10/07;CALZ MARTELLO'S;L;;;169;;2022012603100028141;2022-01-26 20:14:55.000;OTRO;246;O
642;429;Gen.Aut.:05/10/07;DENISE;L;;;169;;2022012603100028141;2022-01-26 20:14:55.000;OTRO;246;O
643;430;Gen.Aut.:05/10/07;AUDIOMUNDO;L;;;169;;2022012603100028141;2022-01-26 20:14:55.000;OTRO;246;O
644;431;Gen.Aut.:05/10/07;LA NEGRITA;L;;;169;;2022012603100028141;2022-01-26 20:14:55.000;OTRO;246;O
645;432;Gen.Aut.:05/10/07;MMMUEBLES;L;;;169;;2022012603100028141;2022-01-26 20:14:55.000;OTRO;246;O
646;433;Gen.Aut.:05/10/07;AZALEIA(BARROS YCIA);L;;;169;;2022012603100028141;2022-01-26 20:14:55.000;OTRO;246;O
647;434;Gen.Aut.:05/10/07;CALZ MAGGIE;L;;;169;;2022012603100028141;2022-01-26 20:14:55.000;OTRO;246;O
648;435;Gen.Aut.:05/10/07;JOYERIA BAVESTRELLO;L;;;169;;2022012603100028141;2022-01-26 20:14:55.000;OTRO;246;O
649;436;Gen.Aut.:05/10/07;LAS BRUJAS;L;;;169;;2022012603100028141;2022-01-26 20:14:55.000;OTRO;246;O
650;437;Gen.Aut.:05/10/07;CALZADOS LA REINA;L;;;169;;2022012603100028141;2022-01-26 20:14:55.000;OTRO;246;O
651;438;Gen.Aut.:05/10/07;PUNTO BLANCO;L;;;169;;2022012603100028141;2022-01-26 20:14:55.000;OTRO;246;O
652;439;Gen.Aut.:05/10/07;CALCETERIA LILY;L;;;197;;2022012603100028141;2022-01-26 20:14:55.000;OTRO;280;O
653;440;Gen.Aut.:05/10/07;MONTAÑA SPORT;L;;;34;;2022012603100028141;2022-01-26 20:14:55.000;OTRO;25;O
654;441;Gen.Aut.:05/10/07;DORAL;L;;;51;;2022012603100028141;2022-01-26 20:14:55.000;OTRO;37;O
655;442;Gen.Aut.:05/10/07;CENTRO HOGAR;L;;;169;;2022012603100028141;2022-01-26 20:14:55.000;OTRO;246;O
656;443;Gen.Aut.:05/10/07;KOMILON;L;;;197;;2022012603100028141;2022-01-26 20:14:55.000;OTRO;280;O
657;444;Gen.Aut.:05/10/07;OPTICA SUIZA;L;;;169;;2022012603100028141;2022-01-26 20:14:55.000;OTRO;246;O
658;445;Gen.Aut.:05/10/07;COLUMBIA;L;;;80;;2022012603100028141;2022-01-26 20:14:55.000;OTRO;20;O
659;446;Gen.Aut.:05/10/07;BOUTIQUE VIOLA;L;;;169;;2022012603100028141;2022-01-26 20:14:55.000;OTRO;246;O
660;576;Gen.Aut.:19/12/07;CASA MARISIO;L;;;169;;2022012603100028141;2022-01-26 20:14:55.000;OTRO;246;O
661;577;Gen.Aut.:19/12/07;GIDI;L;;;169;;2022012603100028141;2022-01-26 20:14:55.000;OTRO;246;O
662;578;Gen.Aut.:19/12/07;AVENTURA DEPORTES;L;;;169;;2022012603100028141;2022-01-26 20:14:55.000;OTRO;246;O
663;579;Gen.Aut.:19/12/07;SUIZA RELOJERIA Y JO;L;;;169;;2022012603100028141;2022-01-26 20:14:55.000;OTRO;246;O
664;580;Gen.Aut.:19/12/07;IMPORTACION INGLESA;L;;;169;;2022012603100028141;2022-01-26 20:14:55.000;OTRO;246;O
665;581;Gen.Aut.:19/12/07;JOYERIA VALDES;L;;;169;;2022012603100028141;2022-01-26 20:14:55.000;OTRO;246;O
666;582;Gen.Aut.:19/12/07;DISTRIB ECOMARK;L;;;325;;2022012603100028141;2022-01-26 20:14:55.000;OTRO;378;O
667;583;Gen.Aut.:19/12/07;MACO REGALOS;L;;;171;;2022012603100028141;2022-01-26 20:14:55.000;OTRO;247;O
668;584;Gen.Aut.:19/12/07;CASA LUNITAS;L;;;169;;2022012603100028141;2022-01-26 20:14:55.000;OTRO;246;O
669;585;Gen.Aut.:19/12/07;TOY PLANET (JUGUETES;L;;;73;;2022012603100028141;2022-01-26 20:14:55.000;OTRO;43;O
670;586;Gen.Aut.:20/12/07;KOKORIKO;L;;;80;;2022012603100028141;2022-01-26 20:14:55.000;OTRO;20;O
671;587;Gen.Aut.:20/12/07;MUEBLES CERRO GRANDE;L;;;73;;2022012603100028141;2022-01-26 20:14:55.000;OTRO;43;O
672;588;Gen.Aut.:20/12/07;TIEMPOS;L;;;197;;2022012603100028141;2022-01-26 20:14:55.000;OTRO;280;O
673;589;Gen.Aut.:20/12/07;INTEGRADENT;L;;;197;;2022012603100028141;2022-01-26 20:14:55.000;OTRO;280;O
674;590;Gen.Aut.:20/12/07;TIENDA PAOLA;L;;;301;;2022012603100028141;2022-01-26 20:14:55.000;OTRO;304;O
675;591;Gen.Aut.:20/12/07;FULL COPY LTDA;L;;;197;;2022012603100028141;2022-01-26 20:14:55.000;OTRO;280;O
676;592;Gen.Aut.:20/12/07;PIYAN LIBROS;L;;;197;;2022012603100028141;2022-01-26 20:14:55.000;OTRO;280;O
677;593;Gen.Aut.:20/12/07;BORDADOS EXCLUSIVOS;L;;;197;;2022012603100028141;2022-01-26 20:14:55.000;OTRO;280;O
678;594;Gen.Aut.:20/12/07;BICICLETERIA ZENTENO;L;;;197;;2022012603100028141;2022-01-26 20:14:55.000;OTRO;280;O
679;595;Gen.Aut.:20/12/07;CASA DE LA GOMA;L;;;197;;2022012603100028141;2022-01-26 20:14:55.000;OTRO;280;O
680;596;Gen.Aut.:20/12/07;SUCAVA;L;;;197;;2022012603100028141;2022-01-26 20:14:55.000;OTRO;280;O
681;597;Gen.Aut.:20/12/07;MARBELLA;L;;;194;;2022012603100028141;2022-01-26 20:14:55.000;OTRO;299;O
682;598;Gen.Aut.:20/12/07;OPTICA GLAUSER LTDA;L;;;169;;2022012603100028141;2022-01-26 20:14:55.000;OTRO;246;O
683;599;Gen.Aut.:20/12/07;AL PRECIO FIJO;L;;;169;;2022012603100028141;2022-01-26 20:14:55.000;OTRO;246;O
684;602;Gen.Aut.:20/12/07;BOUTIQUE JIMENA;L;;;169;;2022012603100028141;2022-01-26 20:14:55.000;OTRO;246;O
685;603;Gen.Aut.:21/12/07;BAZAR OK;L;;;80;;2022012603100028141;2022-01-26 20:14:55.000;OTRO;20;O
686;604;Gen.Aut.:21/12/07;PUNTO TOP S;L;;;53;;2022012603100028141;2022-01-26 20:14:55.000;OTRO;38;O
700;89;BODEGA ANTOFAGASTA;BODEGA ANTOFAGASTA;B;;;474;;2022012603100028141;2022-01-26 20:14:55.000;OTRO;398;H
701;90;BODEGA COPIAPO;BODEGA COPIAPO;B;;;485;;2022012603100028141;2022-01-26 20:14:55.000;OTRO;409;H
702;91;BODEGA LA SERENA;BODEGA LA SERENA;B;;;475;;2022012603100028141;2022-01-26 20:14:55.000;OTRO;399;H
703;92;BODEGA RANCAGUA;BODEGA RANCAGUA;B;;;144;;2022012603100028141;2022-01-26 20:14:55.000;OTRO;189;H
720;957;PAGO DE CUENTAS;UNIRED;L;;;46;;2022012603100028141;2022-01-26 20:14:55.000;COMERCIO;33;O
742;-2;PROVEEDOR-VEV;PROVEEDOR-VEV;P;;;0;;;2021-02-26 12:33:00.000;PROVEEDOR-VEV;0;O
